method,theta,theta_over_pi,score,objective_error,effective_n
SI-DL,0.0,0.0,0.0,1.0,150.0
Robust SI-DL,0.0,0.0,0.05233620926545988,0.9476637907345401,145.92555777956682
SI-DL,0.01308996938995747,0.004166666666666667,0.0,1.0,150.0
Robust SI-DL,0.01308996938995747,0.004166666666666667,0.0693024398389426,0.9306975601610574,145.7129510696885
SI-DL,0.02617993877991494,0.008333333333333333,0.0,1.0,150.0
Robust SI-DL,0.02617993877991494,0.008333333333333333,0.08412962947788508,0.915870370522115,145.69562630135985
SI-DL,0.039269908169872414,0.0125,0.0,1.0,150.0
Robust SI-DL,0.039269908169872414,0.0125,0.10143746809960183,0.8985625319003981,145.49456342130753
SI-DL,0.05235987755982988,0.016666666666666666,0.0,1.0,150.0
Robust SI-DL,0.05235987755982988,0.016666666666666666,0.12133262334437203,0.878667376655628,145.22909183773112
SI-DL,0.06544984694978735,0.020833333333333332,0.0014554279364439285,0.9985445720635561,150.0
Robust SI-DL,0.06544984694978735,0.020833333333333332,0.1457382289590914,0.8542617710409086,145.22826312232692
SI-DL,0.07853981633974483,0.025,0.012241687909789602,0.9877583120902104,150.0
Robust SI-DL,0.07853981633974483,0.025,0.1598545961245839,0.8401454038754161,145.27490784501884
SI-DL,0.09162978572970229,0.029166666666666664,0.02332887491292141,0.9766711250870785,150.0
Robust SI-DL,0.09162978572970229,0.029166666666666664,0.18060493607798672,0.8193950639220133,145.14729786964497
SI-DL,0.10471975511965977,0.03333333333333333,0.03536025469820505,0.964639745301795,150.0
Robust SI-DL,0.10471975511965977,0.03333333333333333,0.20213743529400577,0.7978625647059943,144.89252566733632
SI-DL,0.11780972450961724,0.0375,0.048816486071443094,0.9511835139285569,150.0
Robust SI-DL,0.11780972450961724,0.0375,0.22586471697790517,0.7741352830220949,144.89806256457476
SI-DL,0.1308996938995747,0.041666666666666664,0.06356817845579758,0.9364318215442025,150.0
Robust SI-DL,0.1308996938995747,0.041666666666666664,0.2561938592060324,0.7438061407939676,144.53683736884045
SI-DL,0.14398966328953217,0.04583333333333333,0.07861864572378208,0.9213813542762179,150.0
Robust SI-DL,0.14398966328953217,0.04583333333333333,0.28025390132140166,0.7197460986785984,144.2318183956631
SI-DL,0.15707963267948966,0.05,0.09222097718277798,0.907779022817222,150.0
Robust SI-DL,0.15707963267948966,0.05,0.3089811979808916,0.6910188020191084,143.9637101773747
SI-DL,0.17016960206944712,0.05416666666666666,0.10275253458237468,0.8972474654176253,150.0
Robust SI-DL,0.17016960206944712,0.05416666666666666,0.33352583090278726,0.6664741690972127,143.9895386323919
SI-DL,0.18325957145940458,0.05833333333333333,0.10984407339643507,0.8901559266035649,150.0
Robust SI-DL,0.18325957145940458,0.05833333333333333,0.35131280543373866,0.6486871945662613,143.88930723400756
SI-DL,0.19634954084936207,0.0625,0.11464450117041912,0.8853554988295809,150.0
Robust SI-DL,0.19634954084936207,0.0625,0.380987395493954,0.619012604506046,142.94135202755342
SI-DL,0.20943951023931953,0.06666666666666667,0.11913225140135422,0.8808677485986458,150.0
Robust SI-DL,0.20943951023931953,0.06666666666666667,0.4065000810989659,0.5934999189010342,142.1728350638739
SI-DL,0.222529479629277,0.07083333333333333,0.1253628200858165,0.8746371799141834,150.0
Robust SI-DL,0.222529479629277,0.07083333333333333,0.41660739109179706,0.5833926089082029,142.3550390924376
SI-DL,0.23561944901923448,0.075,0.1348810174181326,0.8651189825818674,150.0
Robust SI-DL,0.23561944901923448,0.075,0.4278078822395322,0.5721921177604679,142.38014087274993
SI-DL,0.24870941840919195,0.07916666666666666,0.14813483231138197,0.851865167688618,150.0
Robust SI-DL,0.24870941840919195,0.07916666666666666,0.4430935400213404,0.5569064599786596,142.2594817412936
SI-DL,0.2617993877991494,0.08333333333333333,0.16418708715536126,0.8358129128446388,150.0
Robust SI-DL,0.2617993877991494,0.08333333333333333,0.4538670339176609,0.5461329660823391,142.38700313442976
SI-DL,0.2748893571891069,0.0875,0.18123082004042998,0.81876917995957,150.0
Robust SI-DL,0.2748893571891069,0.0875,0.46488071391734453,0.5351192860826555,142.55650525145285
SI-DL,0.28797932657906433,0.09166666666666666,0.1977787260636653,0.8022212739363347,150.0
Robust SI-DL,0.28797932657906433,0.09166666666666666,0.492043405100742,0.5079565948992579,142.02643226332555
SI-DL,0.3010692959690218,0.09583333333333333,0.21356073801617184,0.7864392619838282,150.0
Robust SI-DL,0.3010692959690218,0.09583333333333333,0.5168098410194447,0.4831901589805553,141.85978661080065
SI-DL,0.3141592653589793,0.1,0.2290675334427419,0.7709324665572581,150.0
Robust SI-DL,0.3141592653589793,0.1,0.5362701873975046,0.46372981260249535,142.03195630270685
SI-DL,0.32724923474893675,0.10416666666666666,0.2441673924734507,0.7558326075265493,150.0
Robust SI-DL,0.32724923474893675,0.10416666666666666,0.5424153225842105,0.45758467741578945,142.89878176698934
SI-DL,0.34033920413889424,0.10833333333333332,0.2575198685708018,0.7424801314291982,150.0
Robust SI-DL,0.34033920413889424,0.10833333333333332,0.5637807640277361,0.43621923597226386,142.7455895706129
SI-DL,0.3534291735288517,0.1125,0.26749609279952674,0.7325039072004733,150.0
Robust SI-DL,0.3534291735288517,0.1125,0.5917548566386372,0.40824514336136275,142.06365249938062
SI-DL,0.36651914291880916,0.11666666666666665,0.27359012016832623,0.7264098798316738,150.0
Robust SI-DL,0.36651914291880916,0.11666666666666665,0.6102066427577378,0.38979335724226216,141.7711656972352
SI-DL,0.37960911230876665,0.12083333333333333,0.2768405189683202,0.7231594810316798,150.0
Robust SI-DL,0.37960911230876665,0.12083333333333333,0.6292066686738413,0.37079333132615866,141.2388442895945
SI-DL,0.39269908169872414,0.125,0.2792739942892376,0.7207260057107624,150.0
Robust SI-DL,0.39269908169872414,0.125,0.6468628735006601,0.3531371264993399,140.89673146859957
SI-DL,0.4057890510886816,0.12916666666666665,0.2828293671530718,0.7171706328469283,150.0
Robust SI-DL,0.4057890510886816,0.12916666666666665,0.6630876604575283,0.3369123395424717,140.7114042547958
SI-DL,0.41887902047863906,0.13333333333333333,0.2889079811573833,0.7110920188426166,150.0
Robust SI-DL,0.41887902047863906,0.13333333333333333,0.6803086655095776,0.3196913344904224,140.18422992750902
SI-DL,0.43196898986859655,0.1375,0.2982104263065916,0.7017895736934083,150.0
Robust SI-DL,0.43196898986859655,0.1375,0.6854302321002141,0.31456976789978586,140.34448251205907
SI-DL,0.445058959258554,0.14166666666666666,0.31080288841164866,0.6891971115883513,150.0
Robust SI-DL,0.445058959258554,0.14166666666666666,0.7065594701525646,0.2934405298474354,139.60537010267618
SI-DL,0.4581489286485115,0.14583333333333331,0.326170609537749,0.673829390462251,150.0
Robust SI-DL,0.4581489286485115,0.14583333333333331,0.7235929951194282,0.2764070048805718,139.0482930086285
SI-DL,0.47123889803846897,0.15,0.34329157581482916,0.6567084241851708,150.0
Robust SI-DL,0.47123889803846897,0.15,0.7382884118062729,0.2617115881937271,138.87359677842093
SI-DL,0.4843288674284264,0.15416666666666665,0.3607968477315033,0.6392031522684967,150.0
Robust SI-DL,0.4843288674284264,0.15416666666666665,0.7595038707337738,0.2404961292662262,138.60159127230713
SI-DL,0.4974188368183839,0.15833333333333333,0.37730325432947015,0.6226967456705299,150.0
Robust SI-DL,0.4974188368183839,0.15833333333333333,0.7708607000503034,0.22913929994969662,138.93261311152156
SI-DL,0.5105088062083414,0.1625,0.39188088301935686,0.6081191169806431,150.0
Robust SI-DL,0.5105088062083414,0.1625,0.7881918040318386,0.21180819596816136,138.4048746618272
SI-DL,0.5235987755982988,0.16666666666666666,0.40432136028867355,0.5956786397113265,150.0
Robust SI-DL,0.5235987755982988,0.16666666666666666,0.8064333129892083,0.19356668701079172,138.18529046918965
SI-DL,0.5366887449882562,0.1708333333333333,0.41503164281218735,0.5849683571878126,150.0
Robust SI-DL,0.5366887449882562,0.1708333333333333,0.8194950757893175,0.18050492421068254,138.64886279793305
SI-DL,0.5497787143782138,0.175,0.42467766494005604,0.5753223350599439,150.0
Robust SI-DL,0.5497787143782138,0.175,0.8319078423947156,0.1680921576052844,138.77888715441958
SI-DL,0.5628686837681712,0.17916666666666667,0.4337821137198502,0.5662178862801498,150.0
Robust SI-DL,0.5628686837681712,0.17916666666666667,0.8523468370481013,0.14765316295189868,137.7666361727931
SI-DL,0.5759586531581287,0.18333333333333332,0.44249250018591824,0.5575074998140818,150.0
Robust SI-DL,0.5759586531581287,0.18333333333333332,0.8690389687870611,0.1309610312129389,137.26217312616726
SI-DL,0.5890486225480862,0.1875,0.4506116304172952,0.5493883695827049,150.0
Robust SI-DL,0.5890486225480862,0.1875,0.8770365674094734,0.12296343259052656,137.05902450195504
SI-DL,0.6021385919380436,0.19166666666666665,0.45782301747004067,0.5421769825299594,150.0
Robust SI-DL,0.6021385919380436,0.19166666666666665,0.8932624874325268,0.10673751256747321,136.2591190004294
SI-DL,0.6152285613280011,0.1958333333333333,0.4639390342402912,0.5360609657597089,150.0
Robust SI-DL,0.6152285613280011,0.1958333333333333,0.9072090178932714,0.09279098210672865,136.03524477620172
SI-DL,0.6283185307179586,0.2,0.4690437822302288,0.5309562177697712,150.0
Robust SI-DL,0.6283185307179586,0.2,0.9167431402544453,0.08325685974555475,136.18415122336918
SI-DL,0.6414085001079161,0.20416666666666666,0.47347766838986854,0.5265223316101315,150.0
Robust SI-DL,0.6414085001079161,0.20416666666666666,0.9264364916789518,0.07356350832104819,136.2532760286608
SI-DL,0.6544984694978735,0.20833333333333331,0.477739405247428,0.522260594752572,150.0
Robust SI-DL,0.6544984694978735,0.20833333333333331,0.9331067507499806,0.06689324925001938,136.77951917415697
SI-DL,0.667588438887831,0.2125,0.48244184592525863,0.5175581540747414,150.0
Robust SI-DL,0.667588438887831,0.2125,0.9392561124123894,0.06074388758761062,137.4533529260502
SI-DL,0.6806784082777885,0.21666666666666665,0.48818395872296777,0.5118160412770323,150.0
Robust SI-DL,0.6806784082777885,0.21666666666666665,0.9501871330934925,0.04981286690650755,136.49445980816333
SI-DL,0.6937683776677459,0.2208333333333333,0.495001219830051,0.5049987801699489,150.0
Robust SI-DL,0.6937683776677459,0.2208333333333333,0.9572732344357819,0.04272676556421806,136.5224889776525
SI-DL,0.7068583470577035,0.225,0.501918420374529,0.49808157962547095,150.0
Robust SI-DL,0.7068583470577035,0.225,0.9627669197486419,0.037233080251358075,136.58633410484956
SI-DL,0.7199483164476609,0.22916666666666666,0.5076177722654607,0.4923822277345393,150.0
Robust SI-DL,0.7199483164476609,0.22916666666666666,0.9672719548807952,0.032728045119204796,136.81942519008138
SI-DL,0.7330382858376183,0.2333333333333333,0.5114195551755558,0.4885804448244442,150.0
Robust SI-DL,0.7330382858376183,0.2333333333333333,0.9714165329774054,0.028583467022594622,136.81019394568318
SI-DL,0.7461282552275759,0.2375,0.5134767163594218,0.4865232836405782,150.0
Robust SI-DL,0.7461282552275759,0.2375,0.9749059377609128,0.025094062239087167,137.1003939626839
SI-DL,0.7592182246175333,0.24166666666666667,0.5144747541655622,0.4855252458344378,150.0
Robust SI-DL,0.7592182246175333,0.24166666666666667,0.9779550188755015,0.022044981124498486,136.50098300152465
SI-DL,0.7723081940074907,0.24583333333333332,0.5151894142981779,0.4848105857018221,150.0
Robust SI-DL,0.7723081940074907,0.24583333333333332,0.9800613528730628,0.01993864712693716,135.9355136412692
SI-DL,0.7853981633974483,0.25,0.5160777018817022,0.4839222981182978,150.0
Robust SI-DL,0.7853981633974483,0.25,0.980689656100849,0.019310343899150983,135.82710973518948
SI-DL,0.7984881327874057,0.25416666666666665,0.5172746002139643,0.4827253997860357,150.0
Robust SI-DL,0.7984881327874057,0.25416666666666665,0.9796643436297993,0.02033565637020074,136.62636009356277
SI-DL,0.8115781021773631,0.2583333333333333,0.5189882394094294,0.4810117605905706,150.0
Robust SI-DL,0.8115781021773631,0.2583333333333333,0.976013664297828,0.023986335702172012,137.7053110757975
SI-DL,0.8246680715673207,0.2625,0.5212631631830753,0.4787368368169247,150.0
Robust SI-DL,0.8246680715673207,0.2625,0.9733463503242888,0.026653649675711155,138.3413835184343
SI-DL,0.8377580409572781,0.26666666666666666,0.5232712736815435,0.47672872631845653,150.0
Robust SI-DL,0.8377580409572781,0.26666666666666666,0.967633326938349,0.032366673061650975,138.5395236005357
SI-DL,0.8508480103472356,0.2708333333333333,0.5238158604371459,0.4761841395628541,150.0
Robust SI-DL,0.8508480103472356,0.2708333333333333,0.962729041821577,0.037270958178422964,138.50503455603405
SI-DL,0.8639379797371931,0.275,0.5223499242819478,0.4776500757180522,150.0
Robust SI-DL,0.8639379797371931,0.275,0.9557654827081173,0.04423451729188266,138.72494436991215
SI-DL,0.8770279491271505,0.2791666666666667,0.5189522974384162,0.4810477025615838,150.0
Robust SI-DL,0.8770279491271505,0.2791666666666667,0.9466076258113751,0.05339237418862486,138.86161254585792
SI-DL,0.890117918517108,0.2833333333333333,0.5138097117732386,0.48619028822676136,150.0
Robust SI-DL,0.890117918517108,0.2833333333333333,0.9346777619732836,0.06532223802671644,138.99445419544438
SI-DL,0.9032078879070655,0.2875,0.5070197119144045,0.49298028808559546,150.0
Robust SI-DL,0.9032078879070655,0.2875,0.9252499281219221,0.07475007187807792,139.09968913949928
SI-DL,0.916297857297023,0.29166666666666663,0.49868851714549106,0.5013114828545089,150.0
Robust SI-DL,0.916297857297023,0.29166666666666663,0.9152549350181656,0.08474506498183443,138.94168064623864
SI-DL,0.9293878266869804,0.29583333333333334,0.48902433392144384,0.5109756660785562,150.0
Robust SI-DL,0.9293878266869804,0.29583333333333334,0.9020160747225059,0.09798392527749411,139.01068960515306
SI-DL,0.9424777960769379,0.3,0.47832524546248695,0.5216747545375131,150.0
Robust SI-DL,0.9424777960769379,0.3,0.8830442979512579,0.11695570204874206,139.31210585185087
SI-DL,0.9555677654668954,0.30416666666666664,0.4669577846489406,0.5330422153510594,150.0
Robust SI-DL,0.9555677654668954,0.30416666666666664,0.8623408356777938,0.13765916432220615,139.42373106906848
SI-DL,0.9686577348568528,0.3083333333333333,0.45534096521439127,0.5446590347856087,150.0
Robust SI-DL,0.9686577348568528,0.3083333333333333,0.8398416740670305,0.16015832593296953,139.51243403322047
SI-DL,0.9817477042468103,0.3125,0.4438382629857483,0.5561617370142518,150.0
Robust SI-DL,0.9817477042468103,0.3125,0.8199866369789063,0.18001336302109372,139.3206466414723
SI-DL,0.9948376736367678,0.31666666666666665,0.43261415728120056,0.5673858427187994,150.0
Robust SI-DL,0.9948376736367678,0.31666666666666665,0.7944376249252166,0.20556237507478337,139.69323383108417
SI-DL,1.0079276430267252,0.3208333333333333,0.42162830899821735,0.5783716910017827,150.0
Robust SI-DL,1.0079276430267252,0.3208333333333333,0.7708942288726285,0.22910577112737152,140.0720835083868
SI-DL,1.0210176124166828,0.325,0.41075189570612375,0.5892481042938762,150.0
Robust SI-DL,1.0210176124166828,0.325,0.7388996402015409,0.26110035979845914,140.6984493733686
SI-DL,1.03410758180664,0.3291666666666666,0.399835744601257,0.600164255398743,150.0
Robust SI-DL,1.03410758180664,0.3291666666666666,0.7210966395056638,0.27890336049433617,140.78054686929545
SI-DL,1.0471975511965976,0.3333333333333333,0.38864412171775764,0.6113558782822424,150.0
Robust SI-DL,1.0471975511965976,0.3333333333333333,0.7057010741756886,0.2942989258243114,140.83531143406472
SI-DL,1.0602875205865552,0.3375,0.3769096861790864,0.6230903138209136,150.0
Robust SI-DL,1.0602875205865552,0.3375,0.6836652970044657,0.31633470299553434,141.31217754967457
SI-DL,1.0733774899765125,0.3416666666666666,0.3646214068291325,0.6353785931708675,150.0
Robust SI-DL,1.0733774899765125,0.3416666666666666,0.668649396967852,0.33135060303214803,141.35387133241554
SI-DL,1.08646745936647,0.3458333333333333,0.3520907864255566,0.6479092135744434,150.0
Robust SI-DL,1.08646745936647,0.3458333333333333,0.6540769859182359,0.34592301408176407,140.97855687143263
SI-DL,1.0995574287564276,0.35,0.33964722666781727,0.6603527733321828,150.0
Robust SI-DL,1.0995574287564276,0.35,0.6338397245485625,0.3661602754514375,141.08676351352935
SI-DL,1.112647398146385,0.35416666666666663,0.32744108287579826,0.6725589171242017,150.0
Robust SI-DL,1.112647398146385,0.35416666666666663,0.6114218215027175,0.3885781784972825,141.38191114122066
SI-DL,1.1257373675363425,0.35833333333333334,0.3155906357169292,0.6844093642830709,150.0
Robust SI-DL,1.1257373675363425,0.35833333333333334,0.5825111342960358,0.41748886570396415,142.09997690625363
SI-DL,1.1388273369263,0.3625,0.30436613333106405,0.6956338666689359,150.0
Robust SI-DL,1.1388273369263,0.3625,0.5605972968665132,0.43940270313348684,142.4200069110473
SI-DL,1.1519173063162573,0.36666666666666664,0.2941206363333168,0.7058793636666831,150.0
Robust SI-DL,1.1519173063162573,0.36666666666666664,0.5562689625423346,0.4437310374576654,141.7535854785993
SI-DL,1.1650072757062149,0.3708333333333333,0.2850451266718853,0.7149548733281147,150.0
Robust SI-DL,1.1650072757062149,0.3708333333333333,0.5439820325269555,0.45601796747304446,141.42352977531428
SI-DL,1.1780972450961724,0.375,0.27697507620637146,0.7230249237936286,150.0
Robust SI-DL,1.1780972450961724,0.375,0.519126975280353,0.480873024719647,141.76786786381302
SI-DL,1.1911872144861297,0.3791666666666666,0.26935851782832226,0.7306414821716778,150.0
Robust SI-DL,1.1911872144861297,0.3791666666666666,0.48466068808812635,0.5153393119118737,142.8892836766472
SI-DL,1.2042771838760873,0.3833333333333333,0.26139928886340386,0.7386007111365962,150.0
Robust SI-DL,1.2042771838760873,0.3833333333333333,0.45405750576146975,0.5459424942385303,143.32844616851037
SI-DL,1.2173671532660448,0.3875,0.2522437767171679,0.7477562232828321,150.0
Robust SI-DL,1.2173671532660448,0.3875,0.42742842507506573,0.5725715749249343,143.71414609314456
SI-DL,1.2304571226560022,0.3916666666666666,0.24126588587390374,0.7587341141260963,150.0
Robust SI-DL,1.2304571226560022,0.3916666666666666,0.3973157245957466,0.6026842754042534,144.09790977856628
SI-DL,1.2435470920459597,0.3958333333333333,0.22846605781790216,0.7715339421820978,150.0
Robust SI-DL,1.2435470920459597,0.3958333333333333,0.36991207820836575,0.6300879217916342,144.30420226532397
SI-DL,1.2566370614359172,0.4,0.21443229117675258,0.7855677088232474,150.0
Robust SI-DL,1.2566370614359172,0.4,0.3407342764409008,0.6592657235590992,144.5096115335135
SI-DL,1.2697270308258746,0.4041666666666666,0.1998449364357894,0.8001550635642106,150.0
Robust SI-DL,1.2697270308258746,0.4041666666666666,0.31436854298642924,0.6856314570135708,144.64287535714303
SI-DL,1.2828170002158321,0.4083333333333333,0.18508610084987012,0.8149138991501299,150.0
Robust SI-DL,1.2828170002158321,0.4083333333333333,0.29369775625007777,0.7063022437499222,144.6162629282864
SI-DL,1.2959069696057897,0.4125,0.17030830269631597,0.8296916973036841,150.0
Robust SI-DL,1.2959069696057897,0.4125,0.27266024007711287,0.7273397599228871,144.79091179556931
SI-DL,1.308996938995747,0.41666666666666663,0.15587524207588369,0.8441247579241163,150.0
Robust SI-DL,1.308996938995747,0.41666666666666663,0.26147713426472585,0.7385228657352741,144.76407698063954
SI-DL,1.3220869083857045,0.42083333333333334,0.14250783718208668,0.8574921628179133,150.0
Robust SI-DL,1.3220869083857045,0.42083333333333334,0.24485944999803422,0.7551405500019658,144.94808593563477
SI-DL,1.335176877775662,0.425,0.13075390013440688,0.8692460998655931,150.0
Robust SI-DL,1.335176877775662,0.425,0.23562418557423953,0.7643758144257604,144.73678836316503
SI-DL,1.3482668471656194,0.42916666666666664,0.1204097606340772,0.8795902393659228,150.0
Robust SI-DL,1.3482668471656194,0.42916666666666664,0.225862925834919,0.774137074165081,144.7075730493917
SI-DL,1.361356816555577,0.4333333333333333,0.11060276627012827,0.8893972337298717,150.0
Robust SI-DL,1.361356816555577,0.4333333333333333,0.2096058873817239,0.7903941126182761,144.7794847056354
SI-DL,1.3744467859455345,0.4375,0.10045628950022183,0.8995437104997782,150.0
Robust SI-DL,1.3744467859455345,0.4375,0.19992038006360577,0.8000796199363942,144.74660744544244
SI-DL,1.3875367553354918,0.4416666666666666,0.08963229696356147,0.9103677030364385,150.0
Robust SI-DL,1.3875367553354918,0.4416666666666666,0.19060490205352304,0.809395097946477,144.7748950316949
SI-DL,1.4006267247254494,0.4458333333333333,0.07836841098567933,0.9216315890143206,150.0
Robust SI-DL,1.4006267247254494,0.4458333333333333,0.18269514927955816,0.8173048507204419,144.79037042835796
SI-DL,1.413716694115407,0.45,0.06732222347284295,0.932677776527157,150.0
Robust SI-DL,1.413716694115407,0.45,0.17567456270847642,0.8243254372915236,144.6904257959073
SI-DL,1.4268066635053642,0.4541666666666666,0.05741905551757832,0.9425809444824217,150.0
Robust SI-DL,1.4268066635053642,0.4541666666666666,0.15958473446295693,0.840415265537043,144.51993311729998
SI-DL,1.4398966328953218,0.4583333333333333,0.04945470665253059,0.9505452933474694,150.0
Robust SI-DL,1.4398966328953218,0.4583333333333333,0.13937714933423254,0.8606228506657675,144.65764248215137
SI-DL,1.4529866022852793,0.4625,0.04353573789139744,0.9564642621086026,150.0
Robust SI-DL,1.4529866022852793,0.4625,0.11641541636432312,0.8835845836356768,145.0943914993858
SI-DL,1.4660765716752366,0.4666666666666666,0.03901771795210905,0.9609822820478909,150.0
Robust SI-DL,1.4660765716752366,0.4666666666666666,0.0945589209946261,0.905441079005374,145.57000495563722
SI-DL,1.4791665410651942,0.4708333333333333,0.03497686621608878,0.9650231337839112,150.0
Robust SI-DL,1.4791665410651942,0.4708333333333333,0.0774449843951256,0.9225550156048744,145.6158355185642
SI-DL,1.4922565104551517,0.475,0.030530012277941204,0.9694699877220588,150.0
Robust SI-DL,1.4922565104551517,0.475,0.05989667093493891,0.9401033290650611,145.50519332855876
SI-DL,1.505346479845109,0.47916666666666663,0.024988678297506353,0.9750113217024936,150.0
Robust SI-DL,1.505346479845109,0.47916666666666663,0.04143740722130426,0.9585625927786957,145.80782700597962
SI-DL,1.5184364492350666,0.48333333333333334,0.018173073438780923,0.9818269265612191,150.0
Robust SI-DL,1.5184364492350666,0.48333333333333334,0.025753895253567433,0.9742461047464326,145.94422639432028
SI-DL,1.5315264186250241,0.4875,0.010668423434758842,0.9893315765652412,150.0
Robust SI-DL,1.5315264186250241,0.4875,0.009390205502994289,0.9906097944970057,146.21690006595654
SI-DL,1.5446163880149815,0.49166666666666664,0.0035754819207516925,0.9964245180792483,150.0
Robust SI-DL,1.5446163880149815,0.49166666666666664,0.0,1.0,146.24126510629554
SI-DL,1.557706357404939,0.4958333333333333,0.0,1.0,150.0
Robust SI-DL,1.557706357404939,0.4958333333333333,0.0,1.0,146.18236038207496
SI-DL,1.5707963267948966,0.5,0.0,1.0,150.0
Robust SI-DL,1.5707963267948966,0.5,0.0,1.0,146.23898100296012
SI-DL,1.5838862961848539,0.5041666666666667,0.0,1.0,150.0
Robust SI-DL,1.5838862961848539,0.5041666666666667,0.0,1.0,146.2718225091691
SI-DL,1.5969762655748114,0.5083333333333333,0.0,1.0,150.0
Robust SI-DL,1.5969762655748114,0.5083333333333333,0.0,1.0,146.27870773244285
SI-DL,1.610066234964769,0.5125,0.0,1.0,150.0
Robust SI-DL,1.610066234964769,0.5125,0.0,1.0,146.24514499084336
SI-DL,1.6231562043547263,0.5166666666666666,0.0,1.0,150.0
Robust SI-DL,1.6231562043547263,0.5166666666666666,0.0,1.0,146.15805598028567
SI-DL,1.6362461737446838,0.5208333333333333,0.0,1.0,150.0
Robust SI-DL,1.6362461737446838,0.5208333333333333,0.0,1.0,146.0959166929458
SI-DL,1.6493361431346414,0.525,0.0,1.0,150.0
Robust SI-DL,1.6493361431346414,0.525,0.0,1.0,146.0173273001673
SI-DL,1.6624261125245987,0.5291666666666667,0.0,1.0,150.0
Robust SI-DL,1.6624261125245987,0.5291666666666667,0.0,1.0,145.85985171069254
SI-DL,1.6755160819145563,0.5333333333333333,0.0,1.0,150.0
Robust SI-DL,1.6755160819145563,0.5333333333333333,0.0,1.0,145.69308967951045
SI-DL,1.6886060513045138,0.5375,0.0,1.0,150.0
Robust SI-DL,1.6886060513045138,0.5375,0.0,1.0,145.89853937316147
SI-DL,1.7016960206944711,0.5416666666666666,0.0,1.0,150.0
Robust SI-DL,1.7016960206944711,0.5416666666666666,0.007475001088316044,0.992524998911684,145.9694251433983
SI-DL,1.7147859900844287,0.5458333333333333,0.00041772605936031353,0.9995822739406397,150.0
Robust SI-DL,1.7147859900844287,0.5458333333333333,0.023991550683055737,0.9760084493169443,145.76847430520039
SI-DL,1.7278759594743862,0.55,0.011126581763605717,0.9888734182363943,150.0
Robust SI-DL,1.7278759594743862,0.55,0.03554406837432735,0.9644559316256727,145.73118092999184
SI-DL,1.7409659288643435,0.5541666666666666,0.022504349623379293,0.9774956503766207,150.0
Robust SI-DL,1.7409659288643435,0.5541666666666666,0.05257608719418881,0.9474239128058112,145.70363271753217
SI-DL,1.754055898254301,0.5583333333333333,0.03373423132591251,0.9662657686740875,150.0
Robust SI-DL,1.754055898254301,0.5583333333333333,0.0564500928107208,0.9435499071892792,145.91368657154075
SI-DL,1.7671458676442586,0.5625,0.04407845170093139,0.9559215482990686,150.0
Robust SI-DL,1.7671458676442586,0.5625,0.06720128167771962,0.9327987183222803,145.81426055480844
SI-DL,1.780235837034216,0.5666666666666667,0.05276444437353935,0.9472355556264607,150.0
Robust SI-DL,1.780235837034216,0.5666666666666667,0.07448676795249116,0.9255132320475088,145.88139889427825
SI-DL,1.7933258064241735,0.5708333333333333,0.05906661820094717,0.9409333817990528,150.0
Robust SI-DL,1.7933258064241735,0.5708333333333333,0.07779373719461996,0.92220626280538,145.84455629105338
SI-DL,1.806415775814131,0.575,0.06262054331966607,0.937379456680334,150.0
Robust SI-DL,1.806415775814131,0.575,0.07752771079779197,0.922472289202208,145.93860358193447
SI-DL,1.8195057452040884,0.5791666666666666,0.06346269128627367,0.9365373087137263,150.0
Robust SI-DL,1.8195057452040884,0.5791666666666666,0.07401299975562667,0.9259870002443733,145.92947407386035
SI-DL,1.832595714594046,0.5833333333333333,0.06185068983282112,0.9381493101671788,150.0
Robust SI-DL,1.832595714594046,0.5833333333333333,0.06309899276960902,0.9369010072303909,146.01724914954934
SI-DL,1.8456856839840035,0.5875,0.05826886667039462,0.9417311333296053,150.0
Robust SI-DL,1.8456856839840035,0.5875,0.0484825646942996,0.9515174353057004,146.15258310901729
SI-DL,1.8587756533739608,0.5916666666666667,0.053516707493437864,0.9464832925065622,150.0
Robust SI-DL,1.8587756533739608,0.5916666666666667,0.036932921685476634,0.9630670783145233,146.21668090523934
SI-DL,1.8718656227639183,0.5958333333333333,0.04870782428603221,0.9512921757139678,150.0
Robust SI-DL,1.8718656227639183,0.5958333333333333,0.01949501781202562,0.9805049821879743,146.26961970499676
SI-DL,1.8849555921538759,0.6,0.045027595128995276,0.9549724048710048,150.0
Robust SI-DL,1.8849555921538759,0.6,0.019035898749419623,0.9809641012505804,146.6385357019383
SI-DL,1.8980455615438332,0.6041666666666666,0.04318489232730887,0.9568151076726912,150.0
Robust SI-DL,1.8980455615438332,0.6041666666666666,0.020337568774952224,0.9796624312250478,146.58019836248488
SI-DL,1.9111355309337907,0.6083333333333333,0.04301655999606257,0.9569834400039374,150.0
Robust SI-DL,1.9111355309337907,0.6083333333333333,0.02365603952512016,0.9763439604748798,146.48083112760614
SI-DL,1.9242255003237483,0.6125,0.043724189832440696,0.9562758101675592,150.0
Robust SI-DL,1.9242255003237483,0.6125,0.027467172734454443,0.9725328272655456,146.46450772222656
SI-DL,1.9373154697137056,0.6166666666666666,0.04435915443720008,0.9556408455627999,150.0
Robust SI-DL,1.9373154697137056,0.6166666666666666,0.03144537022526739,0.9685546297747326,146.2000046275353
SI-DL,1.9504054391036632,0.6208333333333333,0.04401651570124587,0.9559834842987541,150.0
Robust SI-DL,1.9504054391036632,0.6208333333333333,0.03277619352016246,0.9672238064798375,146.04188903339374
SI-DL,1.9634954084936207,0.625,0.04186955159537983,0.9581304484046201,150.0
Robust SI-DL,1.9634954084936207,0.625,0.03692157652124084,0.9630784234787592,146.13494191809386
SI-DL,1.976585377883578,0.6291666666666667,0.03741514583449496,0.962584854165505,150.0
Robust SI-DL,1.976585377883578,0.6291666666666667,0.03711645937497233,0.9628835406250277,146.37907692194798
SI-DL,1.9896753472735356,0.6333333333333333,0.030945800901508728,0.9690541990984912,150.0
Robust SI-DL,1.9896753472735356,0.6333333333333333,0.02769463095228033,0.9723053690477197,146.55812032161586
SI-DL,2.002765316663493,0.6375,0.023766027907839507,0.9762339720921605,150.0
Robust SI-DL,2.002765316663493,0.6375,0.016706647634122253,0.9832933523658778,146.42623552833618
SI-DL,2.0158552860534504,0.6416666666666666,0.017478838262522212,0.9825211617374778,150.0
Robust SI-DL,2.0158552860534504,0.6416666666666666,0.013924144685764413,0.9860758553142356,146.1552741890605
SI-DL,2.028945255443408,0.6458333333333333,0.012850851301123612,0.9871491486988764,150.0
Robust SI-DL,2.028945255443408,0.6458333333333333,0.011937709437596625,0.9880622905624034,146.11624318931092
SI-DL,2.0420352248333655,0.65,0.009745444079943523,0.9902545559200565,150.0
Robust SI-DL,2.0420352248333655,0.65,0.014628006411535178,0.9853719935884648,146.00086875048376
SI-DL,2.055125194223323,0.6541666666666667,0.007998153209472319,0.9920018467905277,150.0
Robust SI-DL,2.055125194223323,0.6541666666666667,0.013660119087875284,0.9863398809121248,145.7338111968339
SI-DL,2.06821516361328,0.6583333333333332,0.007926044289462357,0.9920739557105377,150.0
Robust SI-DL,2.06821516361328,0.6583333333333332,0.01593649551007878,0.9840635044899212,145.6972360529663
SI-DL,2.0813051330032377,0.6625,0.009997140374160666,0.9900028596258393,150.0
Robust SI-DL,2.0813051330032377,0.6625,0.02054483199524207,0.979455168004758,145.70965005708896
SI-DL,2.0943951023931953,0.6666666666666666,0.014386488357670198,0.9856135116423298,150.0
Robust SI-DL,2.0943951023931953,0.6666666666666666,0.02661340822909306,0.9733865917709069,145.82838486649484
SI-DL,2.107485071783153,0.6708333333333333,0.020955483872696974,0.979044516127303,150.0
Robust SI-DL,2.107485071783153,0.6708333333333333,0.03623337655342232,0.9637666234465777,145.66543315657768
SI-DL,2.1205750411731104,0.675,0.029176664753973975,0.970823335246026,150.0
Robust SI-DL,2.1205750411731104,0.675,0.04502492358102467,0.9549750764189753,145.5969316885866
SI-DL,2.133665010563068,0.6791666666666667,0.03806206278408606,0.9619379372159139,150.0
Robust SI-DL,2.133665010563068,0.6791666666666667,0.05793595590141917,0.9420640440985808,145.73875148514892
SI-DL,2.146754979953025,0.6833333333333332,0.046653048543782015,0.953346951456218,150.0
Robust SI-DL,2.146754979953025,0.6833333333333332,0.06888749233298515,0.9311125076670148,145.73545219998053
SI-DL,2.1598449493429825,0.6874999999999999,0.054697985456625714,0.9453020145433743,150.0
Robust SI-DL,2.1598449493429825,0.6874999999999999,0.07459836092672492,0.9254016390732751,145.6710649320227
SI-DL,2.17293491873294,0.6916666666666667,0.062408068288947814,0.9375919317110522,150.0
Robust SI-DL,2.17293491873294,0.6916666666666667,0.08268553424143403,0.917314465758566,145.35553677499215
SI-DL,2.1860248881228976,0.6958333333333333,0.06967228360334819,0.9303277163966518,150.0
Robust SI-DL,2.1860248881228976,0.6958333333333333,0.09190520401962042,0.9080947959803796,145.39386657640972
SI-DL,2.199114857512855,0.7,0.07577203151748739,0.9242279684825127,150.0
Robust SI-DL,2.199114857512855,0.7,0.10163019735837697,0.898369802641623,145.4695143879375
SI-DL,2.2122048269028127,0.7041666666666667,0.07988057830904832,0.9201194216909516,150.0
Robust SI-DL,2.2122048269028127,0.7041666666666667,0.11020014699892543,0.8897998530010746,145.3738038050538
SI-DL,2.22529479629277,0.7083333333333333,0.08177819111507276,0.9182218088849272,150.0
Robust SI-DL,2.22529479629277,0.7083333333333333,0.11040310382078374,0.8895968961792162,145.1093039128219
SI-DL,2.2383847656827274,0.7124999999999999,0.08208158921398138,0.9179184107860187,150.0
Robust SI-DL,2.2383847656827274,0.7124999999999999,0.11504306093837269,0.8849569390616273,145.23204931121228
SI-DL,2.251474735072685,0.7166666666666667,0.08166411297278289,0.9183358870272171,150.0
Robust SI-DL,2.251474735072685,0.7166666666666667,0.11740083022350428,0.8825991697764957,144.953976682529
SI-DL,2.2645647044626425,0.7208333333333333,0.0808307301590538,0.9191692698409462,150.0
Robust SI-DL,2.2645647044626425,0.7208333333333333,0.11941806094942045,0.8805819390505796,144.953912655523
SI-DL,2.2776546738526,0.725,0.07927321044395379,0.9207267895560463,150.0
Robust SI-DL,2.2776546738526,0.725,0.11732209731789206,0.8826779026821079,144.97841775256248
SI-DL,2.2907446432425576,0.7291666666666667,0.07672699673500741,0.9232730032649926,150.0
Robust SI-DL,2.2907446432425576,0.7291666666666667,0.1113680189004804,0.8886319810995196,145.18053699801376
SI-DL,2.3038346126325147,0.7333333333333333,0.07336121787884636,0.9266387821211537,150.0
Robust SI-DL,2.3038346126325147,0.7333333333333333,0.10477510906585857,0.8952248909341414,145.40941685230004
SI-DL,2.316924582022472,0.7374999999999999,0.06973271039633312,0.9302672896036669,150.0
Robust SI-DL,2.316924582022472,0.7374999999999999,0.09696949777592473,0.9030305022240752,145.69985672334184
SI-DL,2.3300145514124297,0.7416666666666666,0.06649654807264667,0.9335034519273533,150.0
Robust SI-DL,2.3300145514124297,0.7416666666666666,0.09161056863311311,0.9083894313668869,145.66519887041477
SI-DL,2.3431045208023873,0.7458333333333333,0.06420684106274914,0.9357931589372509,150.0
Robust SI-DL,2.3431045208023873,0.7458333333333333,0.08803451826704801,0.911965481732952,145.41831434620494
SI-DL,2.356194490192345,0.75,0.06326533647552501,0.936734663524475,150.0
Robust SI-DL,2.356194490192345,0.75,0.08140844579388402,0.9185915542061159,145.41511940096598
SI-DL,2.3692844595823024,0.7541666666666667,0.06392295240365656,0.9360770475963435,150.0
Robust SI-DL,2.3692844595823024,0.7541666666666667,0.0751244659907079,0.9248755340092921,145.47110288169222
SI-DL,2.3823744289722595,0.7583333333333332,0.06633312230318907,0.9336668776968109,150.0
Robust SI-DL,2.3823744289722595,0.7583333333333332,0.07004576775367008,0.9299542322463299,145.46771802570677
SI-DL,2.395464398362217,0.7625,0.07027094852949628,0.9297290514705037,150.0
Robust SI-DL,2.395464398362217,0.7625,0.06849180064621241,0.9315081993537876,145.38346429179614
SI-DL,2.4085543677521746,0.7666666666666666,0.07478958174357643,0.9252104182564236,150.0
Robust SI-DL,2.4085543677521746,0.7666666666666666,0.06979216336301759,0.9302078366369824,145.3600715308873
SI-DL,2.421644337142132,0.7708333333333333,0.07865179219516923,0.9213482078048307,150.0
Robust SI-DL,2.421644337142132,0.7708333333333333,0.07097457547599496,0.929025424524005,145.29618029096585
SI-DL,2.4347343065320897,0.775,0.08117263396082638,0.9188273660391736,150.0
Robust SI-DL,2.4347343065320897,0.775,0.07190504991857381,0.9280949500814262,145.0293976571437
SI-DL,2.447824275922047,0.7791666666666667,0.08256884489966,0.91743115510034,150.0
Robust SI-DL,2.447824275922047,0.7791666666666667,0.07540765430025903,0.9245923456997409,144.77611354597417
SI-DL,2.4609142453120043,0.7833333333333332,0.08370004708694022,0.9162999529130598,150.0
Robust SI-DL,2.4609142453120043,0.7833333333333332,0.07947534630924198,0.920524653690758,144.80398202029073
SI-DL,2.474004214701962,0.7875,0.08546924887395574,0.9145307511260443,150.0
Robust SI-DL,2.474004214701962,0.7875,0.08681576808705879,0.9131842319129412,144.6611501081574
SI-DL,2.4870941840919194,0.7916666666666666,0.08824605882709917,0.9117539411729009,150.0
Robust SI-DL,2.4870941840919194,0.7916666666666666,0.09736002369813991,0.9026399763018601,144.58177790335557
SI-DL,2.500184153481877,0.7958333333333333,0.09189412491662634,0.9081058750833737,150.0
Robust SI-DL,2.500184153481877,0.7958333333333333,0.10295498880936502,0.897045011190635,144.66849645108226
SI-DL,2.5132741228718345,0.8,0.09629446949603306,0.903705530503967,150.0
Robust SI-DL,2.5132741228718345,0.8,0.11290498376232076,0.8870950162376793,144.3217090947818
SI-DL,2.526364092261792,0.8041666666666667,0.10152343803097297,0.898476561969027,150.0
Robust SI-DL,2.526364092261792,0.8041666666666667,0.11893575857380713,0.8810642414261929,144.30747716460587
SI-DL,2.539454061651749,0.8083333333333332,0.10733566548551698,0.892664334514483,150.0
Robust SI-DL,2.539454061651749,0.8083333333333332,0.1212548338872287,0.8787451661127713,144.14053888454228
SI-DL,2.5525440310417067,0.8124999999999999,0.11280246914850368,0.8871975308514963,150.0
Robust SI-DL,2.5525440310417067,0.8124999999999999,0.12250328969197695,0.877496710308023,144.1245750473715
SI-DL,2.5656340004316642,0.8166666666666667,0.1167104772828939,0.8832895227171061,150.0
Robust SI-DL,2.5656340004316642,0.8166666666666667,0.1181888693522414,0.8818111306477586,144.5287924497712
SI-DL,2.5787239698216218,0.8208333333333333,0.11804252846152415,0.8819574715384758,150.0
Robust SI-DL,2.5787239698216218,0.8208333333333333,0.11160177761579707,0.888398222384203,144.96542762935502
SI-DL,2.5918139392115793,0.825,0.11627427839275635,0.8837257216072436,150.0
Robust SI-DL,2.5918139392115793,0.825,0.10330477990035157,0.8966952200996484,145.27424666839102
SI-DL,2.604903908601537,0.8291666666666667,0.11173913199476382,0.8882608680052362,150.0
Robust SI-DL,2.604903908601537,0.8291666666666667,0.10405312742040479,0.8959468725795952,145.53300791591678
SI-DL,2.617993877991494,0.8333333333333333,0.10568003273137991,0.8943199672686201,150.0
Robust SI-DL,2.617993877991494,0.8333333333333333,0.10380949704998421,0.8961905029500158,145.72785634801633
SI-DL,2.6310838473814515,0.8374999999999999,0.09992714482316616,0.9000728551768339,150.0
Robust SI-DL,2.6310838473814515,0.8374999999999999,0.10301735500947014,0.8969826449905298,145.74704617042366
SI-DL,2.644173816771409,0.8416666666666667,0.09630767517907159,0.9036923248209284,150.0
Robust SI-DL,2.644173816771409,0.8416666666666667,0.1049950123301147,0.8950049876698853,145.6814617578561
SI-DL,2.6572637861613666,0.8458333333333333,0.09560047143799749,0.9043995285620026,150.0
Robust SI-DL,2.6572637861613666,0.8458333333333333,0.10322238543874786,0.8967776145612522,145.65150458992838
SI-DL,2.670353755551324,0.85,0.0969589823129742,0.9030410176870258,150.0
Robust SI-DL,2.670353755551324,0.85,0.0998167561981395,0.9001832438018605,145.59688108559106
SI-DL,2.6834437249412817,0.8541666666666667,0.09884036084907437,0.9011596391509257,150.0
Robust SI-DL,2.6834437249412817,0.8541666666666667,0.0922194375451998,0.9077805624548002,145.7573760137597
SI-DL,2.696533694331239,0.8583333333333333,0.10002534114667479,0.8999746588533252,150.0
Robust SI-DL,2.696533694331239,0.8583333333333333,0.08091068700226096,0.919089312997739,145.8637202261552
SI-DL,2.7096236637211963,0.8624999999999999,0.09986264374342953,0.9001373562565704,150.0
Robust SI-DL,2.7096236637211963,0.8624999999999999,0.07371010788394639,0.9262898921160536,145.7577820285478
SI-DL,2.722713633111154,0.8666666666666666,0.09808088835346623,0.9019191116465337,150.0
Robust SI-DL,2.722713633111154,0.8666666666666666,0.06659296560618687,0.9334070343938131,145.87828626739702
SI-DL,2.7358036025011114,0.8708333333333333,0.09447583764392231,0.9055241623560777,150.0
Robust SI-DL,2.7358036025011114,0.8708333333333333,0.05844337540081195,0.9415566245991881,145.8501317299457
SI-DL,2.748893571891069,0.875,0.08885358558051064,0.9111464144194894,150.0
Robust SI-DL,2.748893571891069,0.875,0.056632898707558596,0.9433671012924414,145.911192948845
SI-DL,2.7619835412810265,0.8791666666666667,0.08146799916375626,0.9185320008362438,150.0
Robust SI-DL,2.7619835412810265,0.8791666666666667,0.05426117868896499,0.945738821311035,145.91355223136895
SI-DL,2.7750735106709836,0.8833333333333332,0.07336297731831558,0.9266370226816845,150.0
Robust SI-DL,2.7750735106709836,0.8833333333333332,0.0563079516999846,0.9436920483000154,145.93267522855677
SI-DL,2.788163480060941,0.8875,0.06590958721490513,0.9340904127850949,150.0
Robust SI-DL,2.788163480060941,0.8875,0.05943151027204463,0.9405684897279554,145.6973561382008
SI-DL,2.8012534494508987,0.8916666666666666,0.0597221973158018,0.9402778026841982,150.0
Robust SI-DL,2.8012534494508987,0.8916666666666666,0.05911409560772954,0.9408859043922705,145.55881030366587
SI-DL,2.8143434188408563,0.8958333333333333,0.054661797177847554,0.9453382028221524,150.0
Robust SI-DL,2.8143434188408563,0.8958333333333333,0.048395129235869715,0.9516048707641303,145.71034993257828
SI-DL,2.827433388230814,0.9,0.05002449996681925,0.9499755000331808,150.0
Robust SI-DL,2.827433388230814,0.9,0.045449984989135904,0.9545500150108641,145.72466896833006
SI-DL,2.8405233576207713,0.9041666666666667,0.044923640545896246,0.9550763594541037,150.0
Robust SI-DL,2.8405233576207713,0.9041666666666667,0.04313549682750475,0.9568645031724953,145.70507471430818
SI-DL,2.8536133270107285,0.9083333333333332,0.038675326336620026,0.9613246736633799,150.0
Robust SI-DL,2.8536133270107285,0.9083333333333332,0.03636406677714475,0.9636359332228552,145.79822388851593
SI-DL,2.866703296400686,0.9125,0.031171432515289275,0.9688285674847107,150.0
Robust SI-DL,2.866703296400686,0.9125,0.027672155813321973,0.9723278441866781,145.7848651230944
SI-DL,2.8797932657906435,0.9166666666666666,0.022938227019470247,0.9770617729805298,150.0
Robust SI-DL,2.8797932657906435,0.9166666666666666,0.015499687974223244,0.9845003120257767,145.67841219179388
SI-DL,2.892883235180601,0.9208333333333333,0.014843065481051118,0.9851569345189489,150.0
Robust SI-DL,2.892883235180601,0.9208333333333333,0.004598900200776108,0.9954010997992239,145.76644556911603
SI-DL,2.9059732045705586,0.925,0.007666599143972513,0.9923334008560275,150.0
Robust SI-DL,2.9059732045705586,0.925,0.0,1.0,145.7656276151954
SI-DL,2.919063173960516,0.9291666666666667,0.001731881343864869,0.9982681186561352,150.0
Robust SI-DL,2.919063173960516,0.9291666666666667,0.0,1.0,145.85761023338145
SI-DL,2.9321531433504733,0.9333333333333332,0.0,1.0,150.0
Robust SI-DL,2.9321531433504733,0.9333333333333332,0.0,1.0,145.74669451581872
SI-DL,2.945243112740431,0.9374999999999999,0.0,1.0,150.0
Robust SI-DL,2.945243112740431,0.9374999999999999,0.0,1.0,145.4982222173042
SI-DL,2.9583330821303884,0.9416666666666667,0.0,1.0,150.0
Robust SI-DL,2.9583330821303884,0.9416666666666667,0.0,1.0,145.62350116286106
SI-DL,2.971423051520346,0.9458333333333333,0.0,1.0,150.0
Robust SI-DL,2.971423051520346,0.9458333333333333,0.0,1.0,145.74073714684727
SI-DL,2.9845130209103035,0.95,0.0,1.0,150.0
Robust SI-DL,2.9845130209103035,0.95,0.0,1.0,145.62129444667704
SI-DL,2.997602990300261,0.9541666666666667,0.0,1.0,150.0
Robust SI-DL,2.997602990300261,0.9541666666666667,0.0,1.0,145.6766618734269
SI-DL,3.010692959690218,0.9583333333333333,0.0,1.0,150.0
Robust SI-DL,3.010692959690218,0.9583333333333333,0.0,1.0,145.98229409397416
SI-DL,3.0237829290801757,0.9624999999999999,0.0,1.0,150.0
Robust SI-DL,3.0237829290801757,0.9624999999999999,0.0,1.0,145.96061236894894
SI-DL,3.036872898470133,0.9666666666666667,0.0,1.0,150.0
Robust SI-DL,3.036872898470133,0.9666666666666667,0.0,1.0,145.9122914824466
SI-DL,3.0499628678600907,0.9708333333333333,0.0,1.0,150.0
Robust SI-DL,3.0499628678600907,0.9708333333333333,0.0,1.0,145.8720555940165
SI-DL,3.0630528372500483,0.975,0.0,1.0,150.0
Robust SI-DL,3.0630528372500483,0.975,0.0,1.0,145.877247839081
SI-DL,3.076142806640006,0.9791666666666667,0.0,1.0,150.0
Robust SI-DL,3.076142806640006,0.9791666666666667,0.004570736499682984,0.995429263500317,145.8071075359647
SI-DL,3.089232776029963,0.9833333333333333,0.0,1.0,150.0
Robust SI-DL,3.089232776029963,0.9833333333333333,0.0157369782130237,0.9842630217869763,145.79387342410203
SI-DL,3.1023227454199205,0.9874999999999999,0.0,1.0,150.0
Robust SI-DL,3.1023227454199205,0.9874999999999999,0.026171110179283908,0.9738288898207161,145.68052460488613
SI-DL,3.115412714809878,0.9916666666666666,0.0,1.0,150.0
Robust SI-DL,3.115412714809878,0.9916666666666666,0.03621591281693345,0.9637840871830665,145.7299311559303
SI-DL,3.1285026841998356,0.9958333333333333,0.0,1.0,150.0
Robust SI-DL,3.1285026841998356,0.9958333333333333,0.04418200673870359,0.9558179932612965,145.81951741791022
SI-DL,3.141592653589793,1.0,0.0,1.0,150.0
Robust SI-DL,3.141592653589793,1.0,0.052336209265459684,0.9476637907345403,145.9255577795668
