l,mu,rho,eta,dp_dx,B,Y,MI-DL_pi1,SI-DL_pi1
1.0,0.003796092428,1.795653484,0.190232817,0.336463923,0.5195342402,1407.6445041680481,34.7728679492066,34.28327111002828
1.0,0.002085742295,0.8290330358,0.2070899127,0.203550953,0.3426028146,1310.2658426978162,33.89062633828651,33.3057192897631
1.0,0.003463122712,8.40936925,7.049725288,0.2696274888,0.3404681885,6319.721274407807,57.69787930327692,53.3074928359551
1.0,0.009424101939,0.1967810909,0.1434143535,0.2432609418,0.6592309055,16.60083177870905,8.127758159939031,8.284608299822693
1.0,0.003820891996,0.1021231005,0.6654838634,0.1531388187,0.9341026151,32.6197862722547,10.222174834367337,10.370038680542732
1.0,0.0094282491,8.730888891,1.627332272,0.2037994758,0.2521032856,698.1714287512453,27.26580066888843,25.60911970953095
1.0,0.003511142746,0.9114162083,0.2976799788,0.1123168921,0.2430923473,281.4079406759431,20.282288841440117,19.80190991081044
1.0,0.008838888592,3.42827635,0.2687870513,0.4143362467,0.1064973474,634.1246061669646,26.401217898713135,24.858943619838385
1.0,0.004646345805,0.3512307619,0.7967091232,0.1190001561,0.5473030976,64.49989430480493,12.470040945525975,12.372044184092314
1.0,0.005109918115,5.186200964,0.5463075203,0.1406278557,0.7477436941,929.8036043422031,30.37849200832208,29.823096786349538
1.0,0.003522039451,0.135110039,7.100851493,0.1869082924,0.1030934991,71.4370428390542,12.734797036229821,11.852533766361146
1.0,0.009861374888,0.1692356499,0.5321476707,0.3280465498,0.4145795447,19.571839211328715,8.300635894002031,8.226412053761752
1.0,0.005255214293,0.4213492131,8.075982873,0.3600649894,0.2532918265,192.6307190150982,17.720818183984015,16.614715930201676
1.0,0.007960860824,0.3442257119,0.3312964526,0.1673690872,0.1289325671,31.741000894983372,9.708390702354679,9.396339231159091
1.0,0.004780878125,0.2596700917,2.789659021,0.1182497741,0.1571099877,47.073219709229754,11.071457832689928,10.524708491697673
1.0,0.001166158297,0.6076084313,2.663445315,0.2322836107,0.8672207844,3746.2187448895315,47.07802339316057,45.83574523837929
1.0,0.001567115003,0.1539368432,6.276108056,0.4051587995,0.9163669507,866.3413243419164,29.448800951157622,28.63569025339784
1.0,0.003119485075,0.6455801849,0.7526758325,0.2832160991,0.1285189195,654.6901409568915,26.68405844117238,25.236689744273054
1.0,0.001939994205,0.2350295099,0.30447362,0.1320126238,0.7305994516,222.00186823842384,20.188312095303928,20.383402414145994
1.0,0.001779568169,0.2227721808,0.1366304148,0.1793165519,0.1043220532,434.71888857718176,23.32522513566791,22.632061686050307
1.0,0.002963638086,2.965024686,2.378328083,0.1932444626,0.3637559624,2260.3667252298455,40.40107138220425,38.279874993355044
1.0,0.004792251981,0.7129822483,0.1870446403,0.224259485,0.8719816133,189.4735485800668,19.08184797726427,19.277758657008402
1.0,0.004276599355,1.452807487,5.841817274,0.2298604379,0.2124261517,637.4154200280283,26.459397759524226,24.62166562159393
1.0,0.001190485701,2.049901833,0.3287647307,0.1234674185,0.3144914608,6479.530515758796,56.42870931385867,54.72800363217509
1.0,0.00691460429,0.3778256823,0.3427905611,0.3899428106,0.1015304034,107.86630542558561,14.597645731397668,13.927365932749424
1.0,0.006770565089,2.852527125,2.431035992,0.1164493803,0.6559063109,249.78969262745122,19.392774982660082,18.778180372742963
1.0,0.003004424052,0.2324795275,1.247028388,0.1249022146,0.2029693124,112.01400272287317,14.79763305960483,14.272531515321353
1.0,0.007450444577,7.597439228,2.379976983,0.3625038572,0.6908746175,1724.5054342278133,36.86202448973717,35.15677244533076
1.0,0.004425856721,5.964096806,0.8713179319,0.4874266024,0.1284248335,5009.869769856025,53.22255094654318,49.20654744025263
1.0,0.006404264817,7.083115012,0.93868611,0.127583915,0.4573815615,760.7883772899739,28.105277003706814,27.065124706854178
1.0,0.001195412321,0.2123833331,2.967994225,0.3096026775,0.1294927658,1602.3105880009882,35.99676538140201,33.63699282393575
1.0,0.008988031063,0.1895745645,0.5418177626,0.4506017338,0.4227039533,36.16440259482081,10.196384337897706,10.068919608470253
1.0,0.001290603697,0.7766438057,6.705768637,0.3564072818,0.1421757123,5581.920422243467,55.297935700143306,50.70628067165117
1.0,0.001652989174,0.4208354755,0.1533701995,0.261616982,0.2636548928,1366.4043688805316,34.32339195788578,33.724334873347566
1.0,0.002516193917,0.1247713171,4.00787636,0.3797257485,0.1384784935,262.05437212325967,19.64386886870199,18.422939579973743
1.0,0.005643468569,0.215644623,0.2583258119,0.3770851593,0.1101266847,89.13849080164422,13.702103654504723,13.195919706209452
1.0,0.005059461129,0.3346282327,0.1330047495,0.2050191756,0.2227168076,90.10639198122277,13.901250526932726,13.74036761841849
1.0,0.006520732949,0.2229893963,0.2923960503,0.1622003097,0.1303870649,29.643622284586428,9.49273781468346,9.231200146476802
1.0,0.002595436693,4.154177342,0.2214580626,0.3321081597,0.3718476242,7270.175354019653,59.07245161584306,57.19471713464897
1.0,0.004660418897,7.935116364,1.069790098,0.1062236956,0.2670251482,1351.3515339213611,33.97661355980107,32.22163944621463
1.0,0.007721963065,3.061578769,2.9534958,0.1052083685,0.1090792536,189.56625771849573,17.636776660662466,16.32667593322994
1.0,0.001285781237,1.699146071,0.4159083034,0.1736816468,0.7189084136,8277.322998093561,56.35949042840549,55.55533133653589
1.0,0.002093425177,0.3449497906,0.5811230052,0.4351216128,0.7370935699,1113.2099253652839,32.49766140338212,32.16159274239753
1.0,0.008492078428,0.6143981502,5.92889958,0.4159968753,0.6186152478,123.73765853555193,15.288716965367037,14.668994625189423
1.0,0.001409818392,1.191846837,6.247977159,0.4652997984,0.1313412544,9188.290170338349,65.75166503866431,59.912719655241155
1.0,0.007072270991,1.193303908,0.2833425481,0.2927372185,0.6676351415,219.20684333956302,19.122495724425647,19.008032277258295
1.0,0.001689648201,7.528114541,4.34254693,0.3122379471,0.1111742521,26114.018319104325,94.37643828793647,85.09305825270349
1.0,0.003887154738,0.2585147726,3.198186856,0.2202203346,0.2083129572,131.9637334313007,15.613999562519014,14.833402529416155
1.0,0.003887154738,0.2585147726,3.198186856,0.2202203346,0.2083129572,131.9637334313007,15.613999562519014,14.833402529416155
1.0,0.00644549908,3.447590452,0.3582232449,0.1904141471,0.1290920575,550.3920696990635,25.18462702564039,23.859281086280884
1.0,0.001175128058,0.2211549526,1.140683139,0.1769027344,0.1144091673,987.4626487123375,30.597483905907833,28.95681449681724
1.0,0.006931682444,0.5308021687,0.1047361752,0.2617499773,0.1674645963,99.22502115411983,14.26580352754477,13.982337490879505
1.0,0.001358871582,3.050223966,1.14171181,0.4313368628,0.7072468576,28167.880591437166,89.5481261758718,86.13887518267123
1.0,0.001918861228,0.3643925314,0.2325759156,0.1158587665,0.7186603759,298.49115557960056,22.534527803365204,22.759843138469957
1.0,0.006124398201,0.204685468,0.5048444091,0.4206797041,0.7573515245,73.17702376494842,13.191113973208038,13.201320486939032
1.0,0.001016601735,5.857048341,3.486220468,0.1122211669,0.1049495088,20353.085473364292,86.53911169943275,78.77076682534202
1.0,0.004134712079,0.7798452745,1.101111012,0.2167354252,0.2720026773,342.79919227727083,21.520696468414883,20.66734850872142
1.0,0.005735896106,1.49077709,0.8555706301,0.1733692078,0.4940293897,266.97525529423734,19.91229963999964,19.41922888150432
1.0,0.007050588545,0.3144658583,0.864054725,0.3582706756,0.103356885,79.45460061933241,13.184241337128492,12.472258559294582
1.0,0.004219174199,0.1938745888,4.576705894,0.2184000847,0.3985879607,82.96922449196141,13.381933394324623,12.893217467525588
1.0,0.004372392443,5.607925502,0.4914961011,0.4748523059,0.226696959,4738.223311367794,52.03528009846448,49.14625262123201
1.0,0.002920238507,9.806292919,0.5027029599,0.2566142808,0.3379214002,10065.488383148062,66.7936388158568,63.60557006422381
1.0,0.002944499523,0.1556491924,8.209069501,0.2731599715,0.1362099989,172.09360635211627,17.071092105643242,15.889390738252652
1.0,0.001028703169,0.1923873524,3.17963225,0.2034647959,0.1747486058,1289.237759232544,33.4481536736602,31.569453065476633
1.0,0.004394124865,0.3707500497,2.143304285,0.2527295883,0.1016073413,170.26130437439446,17.00660544245663,15.899106787208751
1.0,0.001959279803,0.1568837748,0.8267025527,0.1480146258,0.1318859657,210.7115449145967,18.271214492825862,17.528309172003986
1.0,0.001457566613,0.8905423437,4.943045742,0.3589450571,0.1221836642,5072.678483829307,53.49855559065633,49.02457192487518
1.0,0.001183711081,1.163881777,0.7303246744,0.1462423861,0.1699508983,4160.692900748817,49.697886226274136,47.180952457057245
1.0,0.004913837847,8.78773188,0.1134604657,0.1627050235,0.1878675111,2056.088910565689,39.07755022514577,37.60369575783084
1.0,0.001488376214,2.000097234,3.623427633,0.1742698431,0.5503642848,5389.512445032881,54.158740879558714,51.632145735463645
1.0,0.001642883721,7.097975047,0.2438868267,0.4056793095,0.8796069041,48107.706573957,102.31991511659251,100.25205062665282
1.0,0.006637391282,7.365622055,0.1129625353,0.3137192927,0.2353358726,1819.1683276574995,37.5218898171687,36.20957112446263
1.0,0.008972605557,0.3464145626,0.8771869524,0.2911895513,0.128735991,43.893688476065044,10.815647076446956,10.303383541141866
1.0,0.00127550759,1.016404318,0.7474378585,0.4439560085,0.1350005662,9193.35231249056,65.50034008960134,61.354628609182804
1.0,0.009849888126,0.2527159617,0.9231400791,0.1093138284,0.3715508599,9.875920983528202,6.584397388844675,6.501479031808781
1.0,0.001831203534,6.007736586,0.4528211876,0.3591739641,0.2003462541,21114.98466637407,86.68589955774713,81.5615807907253
1.0,0.00204222887,0.1850276379,0.7231731307,0.2135926334,0.5203599683,303.27484557547683,21.176364323795628,20.94883175848925
1.0,0.003224276785,8.55954947,0.4333200936,0.2781930764,0.5924842196,8471.216144413316,61.31859685268193,59.34712891155395
1.0,0.003484754137,1.635579592,0.1663540974,0.1082253592,0.407314083,456.3355843435073,24.442371935831826,24.226061859253996
1.0,0.007195026581,0.7485633267,9.07008896,0.2732331927,0.1539673331,138.7181099249447,15.892493439525285,14.684675729382173
1.0,0.005217807857,0.7688271581,0.1505599629,0.3226516821,0.2900794464,304.06908002386564,20.910046346187993,20.557811339444036
1.0,0.007859691498,0.3250578527,0.1013239475,0.3760322524,0.2698148522,66.2723573371995,12.559800791585637,12.477306893059216
1.0,0.001217406515,0.1769548021,0.1380557557,0.2341370018,0.1386656728,960.2170285919648,30.400849629202302,29.643336578846103
1.0,0.00166000038,0.946139811,1.769625739,0.285439421,0.3052325217,3374.8276961091674,46.26224359526437,43.96771304191623
1.0,0.007541524115,4.205856758,1.188786111,0.1215823176,0.3982767357,311.50389160841166,20.84765472093421,20.056959716022707
1.0,0.001307684501,3.021008832,0.2507978172,0.1010684107,0.174489192,6154.981442045293,56.47110812134906,54.10971309067285
1.0,0.007854406911,1.498065588,5.1720634,0.3421092913,0.2650546815,290.79441961113844,20.342713198534035,19.04040937595744
1.0,0.008990076106,1.9171386,5.998229029,0.1742838942,0.2696347927,145.03910603465317,16.117759983340402,15.125452888800332
1.0,0.004962993369,9.005212771,2.502055911,0.2956708725,0.930472436,3742.831732189628,47.7705889440222,45.79973892266647
1.0,0.006822902932,1.755450594,4.888674853,0.3048509265,0.1362955114,402.0359066424836,22.693708107879793,20.896910373920356
1.0,0.0018077307,0.1433701711,3.604400736,0.4211295201,0.16851557,644.3922130981141,26.54509077145408,24.963652239982014
1.0,0.005108974681,2.276308127,1.281625478,0.1341127774,0.4679355946,401.7848407494272,22.74945617599354,22.009099475813755
1.0,0.006929842441,0.8082541889,5.582844151,0.3978380565,0.8696324604,231.78804488578123,18.892390466848642,18.241089297108154
1.0,0.00566192281,0.5480016102,0.2635887612,0.1224836613,0.4721620415,67.63308189390224,12.794090534639114,12.779962847110502
1.0,0.009510229258,4.644896745,4.520243144,0.1590429885,0.383047559,285.6266790835823,20.216822235478332,19.08145786164471
1.0,0.005466289608,0.4329312066,1.02257606,0.3824085345,0.2297042748,193.18508007983553,17.745270088996087,17.009253391099836
1.0,0.001314814611,6.931237127,0.2185793185,0.2092593588,0.12505958,27340.72235731727,94.70599476218048,89.04317882306827
1.0,0.003358474543,6.42073846,0.1526720147,0.2688216421,0.2129862466,5251.978450735144,53.63829734970396,51.429379847945626
1.0,0.002541833758,1.873460505,1.008088971,0.1364684839,0.1247186079,1379.3877863718426,34.22194254136573,32.11454189210169
1.0,0.001871349581,0.4200714505,0.2258330238,0.4283670909,0.3760735251,1750.9438394592228,37.21981451323747,36.58665899152319
1.0,0.008076085079,3.486574666,6.683613601,0.1078329458,0.876992276,200.3619086666273,17.975315600659158,17.310273634509304
1.0,0.001215659832,1.59107801,1.187349604,0.3456120167,0.5302306895,13435.092267717653,72.11677115299999,69.31171298935959
1.0,0.002497343791,0.3477592146,0.3288564897,0.1088869435,0.3222193939,198.1531820822954,18.257401248964392,18.044855750607564
1.0,0.008377121325,0.1149740195,6.914189685,0.1830455582,0.3262946976,10.506623953313905,6.710844446868737,6.456524467995515
1.0,0.002091758957,2.159398847,6.566667331,0.1624018093,0.2575375679,2760.0392072585723,43.32341770740718,40.31301899121286
1.0,0.006709445383,0.5333530812,0.5027222876,0.1196850819,0.4470318013,47.82163998437903,11.241543551019111,11.13915931053634
1.0,0.002273843164,0.206838439,4.346315731,0.1076809777,0.1028401777,151.15833222953904,16.343702256019515,15.289610491642733
1.0,0.001579450046,0.6161749818,3.816627018,0.3322547012,0.2522691412,2827.529106055352,43.63899154780505,40.98493850927142
1.0,0.005273885952,0.4452569111,0.3145964388,0.3135770524,0.1054778276,175.45513303620248,17.17474466982561,16.407485527423223
1.0,0.003782798516,0.1949789489,4.836382456,0.1651869232,0.1203629021,78.96736399913277,13.162352211265253,12.333060131668153
1.0,0.005232332851,0.8200721176,1.360681325,0.1721770446,0.2966244588,179.44449217933507,17.321935493628814,16.66731447051143
1.0,0.004696543083,0.1578341496,1.020226173,0.1329969376,0.5694951967,31.955140253345494,9.83906973939476,9.796638621579776
1.0,0.002772688998,0.2658785597,2.987592896,0.3726720086,0.1054379972,450.36274328291967,23.560268744953433,21.90670882237533
1.0,0.002250026747,6.092564589,0.3891540461,0.2883116279,0.5283859701,13203.386418218415,70.42451485483784,68.12847556963261
1.0,0.00698062746,0.7392863876,9.538774598,0.1201758152,0.2392856683,63.95051345569164,12.267514811582801,11.52563538618244
1.0,0.005166741253,0.1455098449,0.2040707528,0.2087521327,0.7204623474,33.615026365841175,10.427194453424649,10.619138867766232
1.0,0.00102885794,3.036950077,3.944200724,0.2100626416,0.5489898065,20191.639285414672,84.78010364116341,80.22501545503822
1.0,0.00468320113,0.8665167658,0.8552167723,0.1986662567,0.1089290387,274.60643682963394,19.952111971510917,18.805426901215913
1.0,0.001752034737,5.521852785,0.4189306911,0.4202746623,0.497019942,28816.059188313477,91.33467189299415,87.86106244911639
1.0,0.006571111365,0.1274080348,0.1193442886,0.129450348,0.252821901,12.771010063606031,7.2530508630230255,7.291507388447492
1.0,0.009075222748,1.30882108,0.7943289509,0.4430346176,0.7129841918,236.3841763066651,19.191709085827046,18.812329049908296
1.0,0.009428423948,0.3961412811,0.4967393997,0.2515055234,0.8896129695,35.99247674578663,10.383626181523715,10.440129802410407
1.0,0.004958038672,0.5314770046,5.513426047,0.1219656217,0.2401324027,92.43343068267855,13.86591107688315,13.130427681055691
1.0,0.001710673899,0.538455309,0.4006151397,0.1409536706,0.2035943151,892.22460481795,29.664384149056406,28.720411114898955
1.0,0.005978529374,0.7425460972,3.828271916,0.1917229543,0.8691731503,136.5574302147499,15.877493164122068,15.492364344639167
1.0,0.005841439861,0.1702529896,0.4410863874,0.2062220552,0.8079146805,32.15445054812538,10.08812554855917,10.19985883214423
1.0,0.0075667114,0.7918359073,0.140593159,0.2866594648,0.5842314936,121.0022670050709,15.823729087838398,15.871186919195852
1.0,0.005436088919,1.776222979,0.9243994588,0.1923915609,0.1577529139,403.41232389110155,22.698519738679654,21.46021157959883
1.0,0.001461890394,2.239553995,1.788690122,0.1551156946,0.2385292588,5501.3442788643315,54.792638966047754,51.62708744052017
1.0,0.008078981993,0.1144255296,0.145625775,0.3427515129,0.2733598781,20.31707860552898,8.439236008071962,8.427572066912994
1.0,0.001324126126,1.172897197,0.4940199783,0.1952902869,0.8558621099,5807.71186529087,50.77533723508047,50.26648438423921
1.0,0.003862542745,6.069285544,0.7745213261,0.461425693,0.1303202341,6284.6271552206,57.55226820333175,53.291096879374216
1.0,0.005464358011,0.3273862232,0.1669088287,0.2053858486,0.3119517651,74.32854152688587,13.11247625784562,13.037130137180874
1.0,0.001207757212,6.147688707,0.4579187393,0.2062511741,0.1451602971,28182.01334550599,95.8602030587971,89.71485978693894
1.0,0.002999622112,1.670646738,1.979157923,0.3078730651,0.1906654106,1984.3607979497287,38.69318918821794,36.20670678447757
1.0,0.002485956166,0.1092911041,4.426167383,0.2774344691,0.3312550802,171.0057624240181,17.038600775005392,16.35878302632107
1.0,0.002328289925,0.4613084219,4.626280175,0.1730409236,0.1140836786,514.3548571719846,24.633967140029867,22.85141285825463
1.0,0.004355941721,0.5567216041,0.8754146441,0.3951408044,0.3200655631,399.8067357628855,22.686971285461844,21.892132658878904
1.0,0.00204891913,0.895463313,1.983351185,0.3206968576,0.3311443876,2370.5262570395666,41.03419509152627,39.03586025906808
1.0,0.002559964711,0.2750053973,0.3493436336,0.1819542093,0.1416567885,264.1456345561005,19.736880033921423,19.068082074110038
1.0,0.005896449825,0.8976377858,0.2067154068,0.1886432807,0.6862700346,145.28620240071677,16.946621255354323,17.007461490387474
1.0,0.004014436819,4.772138175,6.541906953,0.2873272131,0.5496230936,2927.0247421443028,44.16505212978556,41.50998971787657
1.0,0.001729674095,0.2273629559,2.494884544,0.2729399246,0.1028388497,724.0686630718717,27.603472000204242,25.75477772261345
1.0,0.005376335381,8.591763512,3.483508538,0.3452599355,0.1415852703,3506.4238996990503,47.10796814199206,42.95719082774309
1.0,0.001351417211,0.9204439821,1.543780005,0.1928458061,0.7076638939,3493.9399007748784,46.05813648078544,44.86178669608373
1.0,0.001766620947,4.159565306,0.138998838,0.2578237356,0.1414140256,11476.848471579478,70.2748045710357,66.87555534749325
1.0,0.004781093305,0.128156108,1.29512151,0.3356786889,0.6823443305,62.907425280925146,12.353334855564864,12.24817704106696
1.0,0.009465308301,2.658357991,0.1077694172,0.3604306418,0.4568136774,343.46622428729864,22.047454418950753,21.818189798716666
1.0,0.004269809151,5.412611348,0.8977564209,0.1468960074,0.1076817512,1519.5355577689318,35.37075018464397,32.88829637998984
1.0,0.00198172345,9.528579409,6.913194521,0.1367152174,0.3536274671,10862.503628259685,69.57465157884326,64.49769594861996
1.0,0.006499254338,0.1547776406,0.3157979962,0.4469382586,0.1174218326,57.20385617683849,11.816059219043531,11.390879513182409
1.0,0.008557453035,7.855085935,4.99608404,0.1342432253,0.2655827408,502.86777131308,24.444579041958598,22.76542397053642
1.0,0.002760934168,0.2160684558,5.425474218,0.1389460333,0.3775227882,137.31468538476472,15.833905545468044,15.220462745044074
1.0,0.006185716609,1.61014431,3.712341265,0.30738645,0.4019903193,450.58768364030396,23.557008811435036,22.346528510812966
1.0,0.002315912747,6.991942196,1.269711209,0.1315343552,0.4703794804,5907.0086057430635,55.7229751266332,53.27471376979717
1.0,0.009798344805,6.119444409,0.5231863846,0.3888476785,0.5921783303,849.0715804237498,29.215479118617704,28.338311893156963
1.0,0.001407822381,0.3187527042,0.3516566744,0.3070456598,0.7380531906,1580.0558363890912,36.69366591093402,36.604306436981275
1.0,0.006366859555,0.1479047277,0.2427985424,0.1525403449,0.2513302924,18.99221623169828,8.229038020395434,8.178984857435585
1.0,0.005961309017,4.53892098,0.6706172784,0.2400460483,0.1462213587,1069.6596051856288,31.430395168615945,29.510404957494828
1.0,0.00990311065,0.1470406535,0.6803779814,0.201285711,0.1473597441,10.561569559179468,6.721933317845022,6.5109407981640794
1.0,0.007272138195,0.1405879384,0.2061319235,0.1195846987,0.1278457455,11.062282917653734,6.8329683367883804,6.713984107045907
1.0,0.00557982676,1.09037287,0.1688836015,0.1693549783,0.1352248857,205.54628889060265,18.142722035002784,17.532852266735134
1.0,0.00128593451,0.3605125868,1.70677311,0.4067360047,0.1745782477,3050.446062412998,44.77208048521035,42.162440213893944
1.0,0.006445976282,0.1152116288,0.5575733531,0.4658202554,0.5009179612,43.362581198324264,10.895112948650906,10.825488658200328
1.0,0.005151456847,7.122233387,0.5806907465,0.1228741874,0.103346521,1150.8026448755083,32.21511149829666,30.082000538564735
1.0,0.002715282577,0.4615579755,3.136482568,0.1874345434,0.1568503243,409.78503772895476,22.81927933381725,21.43163584666873
1.0,0.001388414048,9.484878117,1.345396303,0.1081299565,0.5032856254,18607.69314770365,81.28459088157072,77.55745241268268
1.0,0.001198110896,0.1013754272,0.226286992,0.1863262218,0.6457028399,332.60324080809875,23.589281229179544,23.880690859242574
1.0,0.00453832145,0.734820988,0.1867511859,0.3358912315,0.801040233,334.07916391280514,22.877077277568727,22.97932304726809
1.0,0.001570108646,0.5315686221,7.857875438,0.1444794988,0.1991107634,1087.1977973692221,31.611597819443826,29.49437565979058
1.0,0.005314621423,1.405201333,7.315520954,0.1229917075,0.4544391583,213.93200934909802,18.35173516686839,17.45465066386342
1.0,0.004714664005,0.8595634906,0.2884814788,0.498386603,0.2012610012,667.0294040775342,26.880143277764,25.864532567797493
1.0,0.005988977044,0.2581264089,2.590540155,0.1485241549,0.1240069196,37.47581006132577,10.2630454015608,9.7006623733781
1.0,0.001581960371,0.4450942517,0.2647297218,0.1857615645,0.6650206221,967.3989251499308,32.08706527675229,32.09689338159826
1.0,0.00193183155,1.477315224,0.1340831784,0.1085103522,0.1643982425,1483.572245399193,35.09135146999903,34.06066415531967
1.0,0.003132619313,1.337387716,0.6820592546,0.1555559558,0.4276252043,719.4183326763598,27.725457340801224,27.00001774960042
1.0,0.005620576033,0.1590199138,1.791160606,0.265858192,0.1244085945,46.90460383800974,11.058936055698013,10.489564102904685
1.0,0.003942683118,0.9745980583,1.732018591,0.391989566,0.2627920253,856.005682328888,29.178210668903834,27.657038801131907
1.0,0.001329196625,7.542150611,1.143382203,0.1313201404,0.6344277756,21611.907749066664,82.6713373486365,79.48847473021894
1.0,0.003559987676,4.920824239,1.010562883,0.4110666801,0.5553741408,5528.426516912281,54.399120292372324,52.121349481518926
1.0,0.003461152069,0.5023430471,1.570845865,0.1713824243,0.1281980048,251.51252206195738,19.373041209759506,18.277073874671565
1.0,0.004531756356,7.71168809,6.569249238,0.1320591043,0.123391738,1725.1683938000713,36.97370963837958,33.61257917473289
1.0,0.002767257607,7.158615402,1.210262761,0.2054304307,0.3064381862,6480.07438786533,57.91724490564906,54.66527706472066
1.0,0.00113415269,2.88477448,0.159448959,0.1462590597,0.1337374508,11061.40753885443,69.18146384398415,66.01477861461638
1.0,0.007064385904,0.1650949068,0.1417883543,0.4234664297,0.7304284198,41.31574774237842,11.176173385913355,11.373666645276801
1.0,0.002602767345,6.74626468,0.2428541715,0.1629281165,0.2607183915,5636.088683558601,54.68833845722581,52.53532035843243
1.0,0.002233312343,1.189136503,0.1111985183,0.2117573646,0.3713942224,1695.922028372734,36.98618885493205,36.58571688109847
1.0,0.002805175015,0.1375558002,0.3450654741,0.295739184,0.120989105,179.8450584579479,17.332846525461964,16.718271030420233
1.0,0.009047649673,0.4972455544,0.1197686415,0.1197624857,0.1918106213,24.92990366467992,9.000045542348007,8.906022423857017
1.0,0.003646360015,0.765905293,1.39493635,0.1063453305,0.6370582637,204.37489737108444,18.31870492698121,18.00362582917867
1.0,0.002641712868,0.1458990823,3.367568853,0.380209481,0.4476054082,274.6142952607877,20.003665764150657,19.32042061255963
1.0,0.00115388602,0.4192223586,1.605619093,0.1428467928,0.4497404079,1555.8579354255155,35.63330105307134,34.592809744434234
1.0,0.008795267265,0.1127682517,1.672537198,0.2034491194,0.6077075946,10.216732480648544,6.671889785048075,6.625896821430684
1.0,0.001015863995,0.1393645528,8.055350428,0.1858622861,0.5688065011,866.9458687874032,29.351963502063924,28.279623254459203
1.0,0.001180911291,0.6674564403,0.2890003569,0.3345259066,0.2617380513,5537.472173763098,54.41881251732774,52.67825157545591
1.0,0.008657283417,0.2506834518,2.948644422,0.4599656415,0.7173326376,53.17536272571114,11.561799882374004,11.300613313532066
1.0,0.001227236113,0.6575707558,0.1012023259,0.1678094514,0.1263098855,2526.799187162149,41.93252232448348,40.628073060043995
1.0,0.001676502905,0.2789133692,4.111150716,0.1824927317,0.1540857452,631.792940110465,26.373139434306502,24.735464989960292
1.0,0.00299380874,1.246007931,0.2883909863,0.1263613275,0.9440580686,470.79050280028247,25.986449227398214,26.119982809299582
1.0,0.001485083446,3.383733714,0.1801906303,0.2561639087,0.1778587609,13254.735514096295,73.47558690933226,70.16139644753221
1.0,0.005918638843,2.617665868,1.961686168,0.2082196965,0.1316963778,543.3520821250328,25.086970860594747,23.32106393734399
1.0,0.003872266161,1.817229361,0.7247346985,0.4877459814,0.5874535964,2057.3702215253097,39.03368389857138,37.86495014316338
1.0,0.001307020674,4.173616887,0.8050043651,0.151299916,0.1480460248,12172.478807260844,72.08794069781419,67.43906702861703
1.0,0.002895000596,0.8420348562,4.518627676,0.2280157066,0.43026787,796.588863953333,28.493864482359285,27.133764613484
1.0,0.002309578411,0.2982837736,0.2461496078,0.1046215942,0.5731168903,166.9585194392693,18.010520109558474,18.13653125566762
1.0,0.00195279264,6.018576198,1.301519347,0.4906715406,0.1556775154,24748.109959620422,92.33617660808805,85.05991714866532
1.0,0.001943384648,1.302825982,0.1372073219,0.4140546088,0.1063854071,4839.0795272536925,52.44898392744789,49.87191625154436
1.0,0.003179530925,3.694210003,0.1810000518,0.1068136273,0.3786722704,1320.855024247106,33.96338591074633,33.340540910205775
1.0,0.002068514911,8.96308803,2.688147835,0.134526612,0.2520085798,9310.106437375318,65.87653900025116,61.31584193634409
1.0,0.005594489786,0.6613564033,0.2646749997,0.4539464673,0.3287586175,324.1364920449502,21.27873787493118,20.814823254683077
1.0,0.009302702175,5.355139794,0.155247639,0.3566405885,0.7360108706,693.5936847677193,28.06646756967711,27.81606764573888
1.0,0.005415735517,0.5646624587,0.3995759105,0.4381781491,0.4493480738,281.12699151551834,20.38128110277245,20.0169663032693
1.0,0.007755391165,0.1069085605,0.6846987352,0.1387199561,0.8949702757,7.987710153483819,6.2638716264310625,6.366582812096523
1.0,0.003158537005,0.3969719231,0.4866179532,0.1567800459,0.7424199591,187.0368532506178,18.407989445614376,18.420593785722765
1.0,0.005778539021,0.9727147766,0.732230008,0.1233925586,0.1245246507,125.87759738606822,15.369950925422849,14.615705881124356
1.0,0.004110302343,3.441140202,0.1750658439,0.1040715257,0.5254831203,659.7072393410922,27.690967245961676,27.460413713820618
1.0,0.008833592432,3.759996788,0.9486690414,0.1358989189,0.5120984338,224.94473449047894,18.745209140073822,18.205578245339407
1.0,0.001347543421,1.771819889,3.236057268,0.1156295568,0.2133147082,3850.0357056869693,48.5325484695993,45.45760641179599
1.0,0.001815515677,7.843482733,2.551395906,0.1100278592,0.3763378928,8740.038133644854,64.22769529761018,60.53345162690751
1.0,0.004422263192,0.8823269129,0.1266986455,0.4248852011,0.1150605086,665.7579781460855,26.837038628250763,25.751970718041097
1.0,0.004169212518,0.1161078169,1.92305747,0.2402630625,0.7889211783,53.57209197222564,11.713311120238675,11.63301613701367
1.0,0.009760777545,1.801944856,0.3561332593,0.2483437375,0.1047252791,164.55234586719402,16.808029229642816,15.919896780071943
1.0,0.002073552457,0.1372353934,0.1781984514,0.1083879488,0.6036979837,93.34990837262949,15.106348321722532,15.375791596633018
1.0,0.006082432814,3.56844349,4.716566743,0.3866792041,0.7207705466,1298.0647595891455,33.52262582482661,31.8922240346889
1.0,0.00111266613,6.300622687,2.589614594,0.201135805,0.128658002,32353.98489036824,101.39236382929161,92.6229822393464
1.0,0.004139265681,0.1414528515,0.4090852593,0.2610909017,0.3831969348,71.72174666049496,12.924546677004452,12.822609965541476
1.0,0.00252925092,0.1478362347,0.1564592731,0.1074062269,0.1278876468,84.88812719197357,13.556002042462321,13.313894272253226
1.0,0.003698351322,2.243213614,0.6188635267,0.1386086893,0.2886633639,784.903229051802,28.398824468577214,27.35586195275617
1.0,0.001087029403,6.476581016,0.1372079076,0.1067578649,0.2620458652,23031.73039201988,83.82545875814901,81.11108843532935
1.0,0.00154427435,0.1819688089,1.638802166,0.157949061,0.1992581647,417.98573566391445,22.99256607279519,22.036225068075332
1.0,0.001836781483,1.391429132,0.2905453987,0.1427079581,0.1029707032,2042.6061655956232,39.03480273943454,37.04145527296072
1.0,0.001446633883,0.1500292521,0.4031180406,0.1277069936,0.2565387405,302.72692071911393,20.942736019793188,20.602163260942344
1.0,0.001588719268,0.1160413899,0.1721076544,0.1985352109,0.5326571784,245.54462470253554,20.884064712512387,21.103835885432233
1.0,0.008413650628,8.517935622,1.063251216,0.1254284626,0.5796827108,518.3762721115603,24.768467855597727,23.94683355318202
1.0,0.006502309954,0.9594367051,0.1353871534,0.3922736867,0.8933474816,241.29054591904367,20.712279860427195,20.9003001398302
1.0,0.004402335247,6.394357642,1.657991679,0.1472468869,0.9304315112,1683.561988674661,36.56011810148282,35.50607131935907
1.0,0.002081592199,0.1477694109,0.2165762278,0.3898888977,0.6279547363,375.07220966941196,23.682215288629767,23.80967363008748
1.0,0.005372066429,0.3194528484,1.450623345,0.2671715279,0.9215255806,97.0729632706342,14.361338842041112,14.251102709010457
1.0,0.002217453416,0.1531488231,0.7281721856,0.2456714056,0.9255185104,220.11135844535858,19.70048511191289,19.77498842112365
1.0,0.001666743003,8.698877266,0.4437553624,0.1380234404,0.1022620102,14105.767160511026,75.97417547553752,70.65313087792865
1.0,0.001909527895,5.898533693,0.4059252104,0.1960418082,0.3089855582,11017.774476428754,68.39450941905483,65.45511800251357
1.0,0.006837776188,1.556281908,0.1152690761,0.2491205764,0.9221898756,218.41207200597816,20.22473560011979,20.46306429561599
1.0,0.00532769815,3.171836147,1.146558526,0.4515942698,0.2617952843,1754.9025237412386,37.09753740795865,35.0040082917902
1.0,0.002690841885,0.7769268596,0.1150250677,0.1245405163,0.365749728,403.5446618754034,23.735461410137916,23.659600467251238
1.0,0.004550370083,0.1408534165,6.629592129,0.1769871418,0.501551712,41.972249915208764,10.660734993541281,10.329634755954217
1.0,0.002080743455,1.796934248,1.316998432,0.2839059002,0.4327347076,4078.2945192664724,49.16687705696289,47.09419637294424
1.0,0.001324492929,3.311174507,0.3350549894,0.4177573945,0.1648784594,25746.790192435084,92.75447066478395,87.37703420402715
1.0,0.002526670284,0.5291175022,0.1348312069,0.2234200918,0.2175935215,623.1557562599643,26.49067854370971,25.977625183933885
1.0,0.006045485653,0.1322268108,3.273267888,0.4553925191,0.1401727481,57.77803391703996,11.858137008696504,11.169540308228811
1.0,0.003598535078,0.7631501436,0.8309074679,0.1104218528,0.7175199962,207.7207263521307,18.680364574042013,18.52166617286073
1.0,0.002260547049,1.051440816,0.1208732269,0.2409041553,0.4254317578,1649.437150504019,36.75505272936891,36.44002772738038
1.0,0.003241184944,3.00780493,0.1623799525,0.1209652138,0.3379613359,1168.1263465178988,32.6381062164613,32.016927058251056
1.0,0.003097023374,0.2274329702,0.2335332294,0.268261221,0.8163653069,172.03725083735583,18.51374542559641,18.736204877622768
1.0,0.00241571219,4.037949947,4.017137848,0.1715650976,0.6643032493,4076.1239016576965,49.30533804372693,46.99189804868813
1.0,0.0075352408,4.014649836,0.1336732981,0.2633722149,0.9815022724,509.16925434920955,26.499206569220146,26.598272705202017
1.0,0.0023318503,0.2386090236,5.636632832,0.1356240776,0.1623089743,208.57183154989832,18.196877843552713,17.108328104694476
1.0,0.004369508847,0.1792210133,0.7291378563,0.2822061068,0.3376526436,90.66021532985444,13.855385043822123,13.577107002109555
1.0,0.006658987633,0.1246552968,0.2839777288,0.1073235803,0.3645707559,10.128196230443034,6.70460521357767,6.740899387665747
1.0,0.005485492204,1.007171245,0.7534123073,0.137666103,0.4878338205,155.58944055619523,16.661631042395797,16.34807299763124
1.0,0.008294017423,2.346557884,1.278304614,0.4203016471,0.2171359856,500.02411725612166,24.38950344519485,22.989051281296017
1.0,0.005838865731,2.097512131,0.3858588231,0.11735043,0.4459619624,240.09779355335203,19.35012019776562,19.01535289010355
1.0,0.00185300028,0.9638165889,0.1229387452,0.3351683139,0.1595116841,3230.777048528225,45.58897355140089,44.00726894847013
1.0,0.005471171933,0.822070821,1.433721555,0.2713978109,0.7540631615,249.99258037405363,19.559953224803706,19.170873015368528
1.0,0.00189770843,0.1757159227,0.1416720062,0.2844544728,0.5415879047,382.86941120613807,24.01956153518943,24.205105642784265
1.0,0.003187302522,6.872938224,3.339185658,0.2375246641,0.1302734215,5402.681227397155,54.69853054251728,49.939106506151276
1.0,0.007173422737,2.064779926,0.3572670915,0.3053882064,0.2179065376,424.47471516881814,23.11722233082806,22.197353271809668
1.0,0.001693943595,1.531841546,4.088068752,0.1086449518,0.1242465961,2012.4430965363772,38.912873227294654,35.965660712634055
1.0,0.001862442331,0.3745146046,4.681405691,0.4305486709,0.2244066104,1618.3274235386198,36.113870389654345,33.825611948019265
1.0,0.001554725483,0.8516916292,0.5120059839,0.4984576345,0.1221113803,5908.307061189663,56.23388296823937,52.85613825557943
1.0,0.001621127829,2.49869189,0.8955537978,0.1680638542,0.6934891381,6066.941745379298,54.360601415486585,52.94261203124461
1.0,0.001387854998,4.027199025,0.1764597841,0.1519634107,0.3994092895,13113.777499740248,68.34523269664784,66.7382278554157
1.0,0.004825276646,0.128612561,0.2803570206,0.1177331139,0.1894414478,22.387942223657593,8.671166804189847,8.56274469164506
1.0,0.007956960992,4.189377084,1.25602088,0.334394126,0.8148234324,756.2485299285376,28.130185608528283,27.300911557164596
1.0,0.008688591788,0.1861584364,1.154864107,0.1186675655,0.2945905812,10.198226435548085,6.647783003545656,6.51809731146769
1.0,0.002235401186,0.38097425,1.107660761,0.1862202781,0.5570723806,469.15412647544565,24.24443233832139,23.796096798221125
1.0,0.00720504949,8.555340477,2.765725853,0.2514667858,0.3044909806,1444.0934728014215,34.761293766612134,32.503773516047836
1.0,0.001598304742,5.066864411,0.2561995632,0.1930314929,0.5486087401,17470.058224243974,72.72899662245264,71.01583950709484
1.0,0.009071988759,7.780290744,1.662679593,0.186380684,0.1877165003,614.9614851478391,26.1408788160884,24.40810807161945
1.0,0.002950820884,2.45014341,3.701766651,0.1314968069,0.6897725008,1283.4155670115476,33.41002715378346,32.12644380197064
1.0,0.003537456352,1.509499115,1.487852893,0.1857794472,0.1154616054,782.2817802232739,28.324806028394786,26.421862247700314
1.0,0.007697578441,7.481442857,0.5314748008,0.1891803953,0.2604425521,830.2173460886148,28.89066094195861,27.55507695806769
1.0,0.00132636512,3.08437223,2.543685409,0.1286399818,0.1125241346,7491.847184074025,61.21040502830675,56.311869296496
1.0,0.004538192985,0.134430522,7.910051376,0.34074909,0.2131796294,78.00222623737483,13.105168891403487,12.3505660359875
1.0,0.001435873405,3.86213545,3.917717371,0.2727295288,0.1442753646,16477.722296489777,80.42513037626755,73.49001592321483
1.0,0.009986593757,0.1676051388,9.933631696,0.3167160241,0.7834272054,18.58410921705437,8.119636176665386,7.890876079505715
1.0,0.003212647954,0.1124063063,0.8414012948,0.1953964667,0.3098383684,72.82193230109309,12.878551842677266,12.641042081506146
1.0,0.002469452797,3.078631257,0.3126680539,0.3991883162,0.2806175395,6908.028998004269,58.795734506558205,56.34621469950551
1.0,0.006597404526,1.647175384,0.4225499659,0.1438829355,0.1469500135,190.07807461724403,17.645277598042213,16.875372831993523
1.0,0.001753473994,1.483922021,0.121392383,0.2781731243,0.1321927424,4574.977752106001,51.34814694588058,49.24096793101306
1.0,0.008691077977,3.812592649,0.3606991369,0.2499626245,0.2322908448,437.26166971001385,23.344969969030252,22.390810499302567
1.0,0.001691700875,9.760080181,9.363373965,0.1965719972,0.3907216051,21427.378968761175,87.99396763035483,81.16471242927044
1.0,0.008134606885,0.1977739028,9.684154051,0.3907926484,0.349001845,40.93446407907897,10.567695403952145,10.03531262535944
1.0,0.009675194352,0.4461316766,0.7134949795,0.1109627952,0.8092516783,17.52232747281358,8.084313093210028,8.120779310353829
1.0,0.00641283067,7.014196816,6.445196361,0.2921177599,0.1268570716,1733.4254664356117,37.040235029036324,33.56086094505006
1.0,0.001874160068,1.27285446,3.129316346,0.1731228771,0.7304563488,2184.2509096198232,39.82674558072304,38.47521082041743
1.0,0.009695591157,0.150875063,0.225310177,0.1475774563,0.5348531062,7.738832938049034,6.181084633618208,6.273735753321194
1.0,0.008951371422,5.745479364,0.3851684398,0.1921508584,0.3780733759,471.9951469171889,24.024397784372013,23.27228403444548
1.0,0.001265413029,8.397348374,8.604097005,0.2610962576,0.1251821916,42773.668999568705,111.85895480172465,100.25204820358239
1.0,0.007864880937,0.1340807199,0.2079772884,0.3390214824,0.3390997497,24.715129221036403,9.025155330437611,9.00911534989532
1.0,0.003033330508,2.861428495,1.528357292,0.1425548229,0.1190441018,1544.3624503469655,35.564734887846726,33.06848559629496
1.0,0.00167440868,1.56245539,1.522060788,0.1258559858,0.7785883817,2477.790761475043,41.305689202155015,40.33432357274425
1.0,0.001868918702,0.2156850364,1.397545503,0.2990266418,0.4189812934,628.8100496526022,26.481221140476354,25.74170289180344
1.0,0.004736952611,5.734923853,0.164992386,0.1684277528,0.5715053897,1440.8359926884355,35.077295172583604,34.62277180919526
1.0,0.001036481199,1.293592317,1.513775098,0.1016143721,0.1344901183,4166.737855983843,49.86081520464358,46.72746930967997
1.0,0.006020483276,1.272833209,1.661551129,0.3059747045,0.4948368908,370.7976397858179,22.119783330985083,21.33388957717499
1.0,0.002259124607,0.1980845355,0.5464313003,0.1623719951,0.142233928,218.73257497045662,18.51651214830618,17.848805362152863
1.0,0.005013816963,0.6044014535,1.638228816,0.34548356,0.4600979702,286.3937243466981,20.297526132991827,19.629285883121643
1.0,0.009500531194,0.445236967,0.5685312716,0.3746367612,0.5194834674,62.66966820372313,12.282566987122262,12.119716791604944
1.0,0.002979249543,2.786123002,2.488811192,0.2078668614,0.5593634338,2264.5280649208607,40.37732943905189,38.63402968637494
1.0,0.005787196951,2.09398171,2.055279929,0.2663809241,0.1775102812,581.2458764612586,25.651462548676314,23.998492694928196
1.0,0.001147178373,1.105504443,3.13481688,0.1902738577,0.1348681169,5381.552051473395,54.54986428947088,50.50592856134377
1.0,0.001479987307,0.3136499691,0.2270950465,0.1259505451,0.5254236124,506.7544784536904,26.220890879314766,26.277289836543332
1.0,0.009276076085,6.644460612,0.2644432221,0.2032616215,0.3086558081,539.1047948809717,25.094098977068573,24.263786051841038
1.0,0.00954073019,5.402977272,0.6486908339,0.4841143419,0.177002054,1002.63841988646,30.758981325533306,28.87590010859987
1.0,0.005738919777,0.2772683575,1.922716322,0.1361680067,0.103122493,40.1939956632669,10.505887685792313,9.921226244598602
1.0,0.006334258301,0.4297871089,0.2740333753,0.3725706256,0.4379590058,131.38944591930104,15.872508952741622,15.715296836705532
1.0,0.001519526155,4.764365145,0.5789270363,0.3688923444,0.1874100922,24765.456715694152,91.70027209628725,85.9622141619386
1.0,0.002022659764,0.8282605516,0.1684081657,0.1658669362,0.2653965407,1135.6075790526809,32.30434071749709,31.678882626295024
1.0,0.008784009281,1.551748416,0.307908709,0.1097039459,0.1415164971,77.00333811082149,13.05122638522108,12.56618623068502
1.0,0.002540582365,4.147846884,0.4938242191,0.3043801678,0.1611910304,6573.260965442725,58.28782004856044,54.8056504596771
1.0,0.001505809666,4.808110817,0.2376523487,0.1488442239,0.1879677094,10764.837220056013,68.29772713515332,65.19036128804447
1.0,0.002692919735,0.2751270394,1.335294576,0.1084256637,0.2509161787,142.5869694054216,16.057647042839875,15.54438470495863
1.0,0.001582838015,1.518949059,2.791350031,0.2558303789,0.2068410017,5235.9554906646445,53.976776957738714,50.38171990076946
1.0,0.004456837839,0.4746232434,6.241980397,0.126433131,0.5147926841,105.3041809287671,14.492251250017219,13.960816749947
1.0,0.002114542486,0.3810636022,8.674164776,0.3002848693,0.2335650495,893.2401733665993,29.60453332628885,27.639712704900045
1.0,0.008284787764,5.995420891,8.130261943,0.1849857789,0.739878638,562.6618635813452,25.37057133208084,24.065643631111843
1.0,0.001222626673,0.2348361964,7.282522232,0.1383234608,0.3968584614,754.5241852002409,27.991055067706004,26.738360427202057
1.0,0.006794305845,0.1271007249,0.4759038391,0.2111914693,0.1225136435,20.327922991857623,8.364923146427584,8.09527202994582
1.0,0.001816171888,0.1188796361,0.9673155862,0.2612248241,0.4965645496,306.87048256681254,21.135294660701945,20.841818808187373
1.0,0.002598695291,6.30187567,1.196079034,0.1232544954,0.3787673808,3958.451331832999,48.78677571599102,46.5178994452338
1.0,0.001304915838,0.4731116919,1.667707938,0.3973843067,0.3293006015,3804.7289239792112,48.122500491707086,45.942181372798494
1.0,0.007560989689,0.5910988548,6.22261835,0.3858304549,0.3156135404,139.8753681989055,15.921222024757089,15.027129287392027
1.0,0.004472959849,7.643676361,4.009519118,0.3402078409,0.7929909253,4441.047973357707,50.83062285119309,48.25818595171055
1.0,0.003746516255,0.2714680012,1.601476962,0.1538522573,0.8967182243,96.49824468340945,14.388254758071518,14.31288433015609
1.0,0.002050703361,4.415011182,0.1844293148,0.1813433013,0.7221694182,9590.423869477198,57.56826145508523,56.96178208148445
1.0,0.005367165534,8.338769246,3.822138415,0.4446500953,0.1647805526,4363.218568616742,50.80007643370039,46.35837438403764
1.0,0.005203355749,3.442633767,3.085436424,0.3838814527,0.1915579558,1698.4994822972635,36.73465656162853,34.00995612893792
1.0,0.001071095796,0.6033195129,0.4057393576,0.1653411009,0.1054214777,2995.06308524592,44.45771375347092,42.183494502844994
1.0,0.005121250358,0.8569179124,0.5673857206,0.4637144316,0.4081286294,516.5291724387957,24.791937685677706,24.09166172363618
1.0,0.00391483665,0.307141093,0.4255697381,0.1320026415,0.4337014577,86.75109384523253,13.836176890691117,13.748211492728318
1.0,0.002161655952,1.419412101,0.1911552072,0.4332573117,0.1730933789,4490.437657290408,51.01308537479577,48.854057152811684
1.0,0.009213603497,0.1153666927,0.1962140498,0.222555483,0.9598190045,8.921521320137995,6.699390714233498,6.89889234375379
1.0,0.008841819572,0.4519236275,1.100000504,0.2036050252,0.4878463985,40.55733846369368,10.571150023251827,10.378998440864818
1.0,0.003388845316,7.065638288,2.390347831,0.275891026,0.6922406481,5810.218261822286,55.54529611919302,52.95486372921435
1.0,0.00220879869,2.753393897,6.346330521,0.3352646132,0.7620398946,6409.327725094749,57.61255764558935,54.641625427672615
1.0,0.002566085088,0.277322373,0.2108502106,0.4381356069,0.2912977514,619.9974753861555,26.457038975928477,25.98332575554641
1.0,0.007902106729,0.643507681,1.851057926,0.4640332523,0.507549656,165.76452046706092,16.885525914996656,16.3271159348066
1.0,0.002112754728,0.7415203519,1.228305644,0.1555860635,0.6782346747,861.1630485316848,29.604554014095395,29.038557946289274
1.0,0.004468919544,0.4587720589,0.1736802169,0.24180372,0.3005625325,183.1763841346812,17.72418114114677,17.512895946440775
1.0,0.002602047937,2.129250222,1.316592642,0.1406685279,0.1740585807,1540.3779481903991,35.508759758168026,33.44405823036476
1.0,0.004932556853,8.694553534,0.3573705502,0.2501479864,0.6149261276,3180.515157488732,44.7936777237148,43.60027858056119
1.0,0.003413059065,0.3549712288,8.506470727,0.1073990947,0.6249943833,113.75172866569697,14.88047250620247,14.385513763857027
1.0,0.002318548421,0.61511363,6.175089222,0.1892182583,0.7823830346,745.5441763879332,27.93699299091497,26.9739618618738
1.0,0.004095261228,0.479025385,2.436086065,0.123450805,0.5974723635,120.64616108279209,15.24351955238285,14.902934211741414
1.0,0.001698406541,0.4119338491,0.3695660732,0.1189044995,0.1203451135,587.8937199303833,25.772589229896795,24.74764914476744
1.0,0.006195405671,3.87820628,2.621491351,0.24465128,0.2890701147,862.1861573209469,29.25081984209154,27.498829341203162
1.0,0.001436342057,0.4009665524,4.105511994,0.1232192301,0.2138922286,834.5707918687245,28.933245086862126,27.342754200354946
1.0,0.008104696035,7.966469481,0.7674858628,0.1699523541,0.1409242479,719.2463565864948,27.539531824035215,25.778776963819062
1.0,0.003396895016,0.1972526046,2.143067123,0.1701457561,0.5206004593,99.4083405458007,14.294086798940542,14.00314854940229
1.0,0.006309062425,0.1029775093,0.1916861808,0.4506735118,0.5395706595,36.87127754395359,10.518468927961555,10.617700933108779
1.0,0.002527646249,0.1414805265,0.2159491269,0.3892451976,0.3472542804,278.91369877009413,20.514215576454102,20.3551591235479
1.0,0.008729891748,0.1321352913,0.2032235358,0.1250979269,0.6266218204,6.864307653947999,5.9994857772580765,6.132550586278686
1.0,0.002191219504,0.6897862211,9.837601746,0.3476080723,0.2097108909,1737.0845145946007,37.019034085343776,34.219875245852
1.0,0.001107022404,0.9107120346,2.996533136,0.1441749257,0.1125038911,3657.6466824011836,47.741101589425746,44.19378973199906
1.0,0.009035189734,1.957608583,0.2873685036,0.1735679521,0.1691414911,144.97050238623171,16.126790829311602,15.522627133319878
1.0,0.002553463479,1.449756236,0.3342886875,0.2564175614,0.2205908003,1979.5399770697907,38.58966629145518,37.09849590151194
1.0,0.001140398315,1.595980507,3.085829522,0.1101912787,0.1725175693,4584.355986030836,51.566635347118975,48.106531969370266
1.0,0.002327022582,1.017550568,1.964097017,0.4642660871,0.1007501941,2997.4659962401356,44.59527815193324,41.08034526268179
1.0,0.002359944953,2.876385657,1.607914863,0.1521534347,0.1474387333,2708.687385427709,43.03280569419177,40.13187752037921
1.0,0.004135169788,0.6356014182,0.4381002234,0.1240147303,0.1047555725,161.1453699725356,16.69418964965035,15.939751889444418
1.0,0.009112463642,0.2700319808,4.661818813,0.4472511616,0.3645233754,50.914306257663156,11.36410593090638,10.864745112549064
1.0,0.00946445876,0.6010497357,2.025664374,0.2230150767,0.4658682383,52.055037247463524,11.460666474523833,11.126336209048189
1.0,0.007211742032,1.771733961,1.24136472,0.3445074395,0.1691275438,409.79165795777743,22.818664813295154,21.457179580228036
1.0,0.001525162371,0.297473139,2.754738355,0.1135219138,0.7439991604,478.5540446074566,24.424607722996715,23.98311387142711
1.0,0.002140558585,0.6732196728,6.840347419,0.1459478625,0.221132625,748.2082390858419,27.90467159405339,26.126452642679755
1.0,0.001074393301,4.30479933,1.310833047,0.1628738445,0.8051331644,27824.232096711887,84.87692187502846,82.1035276076913
1.0,0.003405133574,0.2585660475,0.1108086336,0.1543142799,0.7633775387,87.32755901933663,15.074108005411608,15.427097287164289
1.0,0.004154631771,0.1145729764,0.1650408037,0.2713766538,0.1184881262,62.45569904183831,12.186831427397085,11.898631887075238
1.0,0.001880810032,0.2661477076,6.436490088,0.4089705982,0.89381124,1059.9575673877916,31.40430488066986,30.395117783226254
1.0,0.001062538467,5.130889104,7.905715086,0.1782321027,0.378717663,25873.496541482993,93.68791624826626,86.884021525571
1.0,0.008883937129,0.2565049708,9.238703863,0.1038715698,0.810347985,11.77133068730429,6.9731037685287625,6.822763319279144
1.0,0.007165156656,6.755152164,0.2460939836,0.343166519,0.1039416522,1572.607862097978,35.763027971414694,33.5287998791344
1.0,0.001175856219,0.1720885884,2.186531626,0.1338948326,0.1693252813,579.4490361843343,25.626965198290115,24.39598865372214
1.0,0.008339345071,1.334787029,0.8781433598,0.2502087329,0.1568229858,168.20490183158472,16.93200126052917,16.046567874501857
1.0,0.009238643268,0.6675367638,2.573980764,0.1115578099,0.1117785549,30.600485805615563,9.595398346804352,9.014976168298105
1.0,0.007762102681,0.5261159704,7.17742692,0.1584878337,0.491535236,48.39962421234141,11.174210406681128,10.729803820109394
1.0,0.003149714607,0.6102162539,0.3281915908,0.2907580006,0.7667865787,527.1841203999101,26.155057761591756,26.09681461219972
1.0,0.007209021578,0.1319980964,1.224588326,0.1960938269,0.3999883138,17.23874679089815,7.934677958640885,7.816227043428805
1.0,0.009380509064,2.395353461,0.1235106623,0.1185877543,0.2090712238,110.37894626635924,14.800230749570858,14.489131974794205
1.0,0.002189060315,0.1007944792,3.94092107,0.3166762972,0.1415607195,233.29918679826406,18.891928830254358,17.777370650334408
1.0,0.001050690785,0.2055785558,1.009849043,0.2562425779,0.3945544725,1648.8291436159689,36.335367151295486,35.38384537728603
1.0,0.005892853658,9.898733318,1.699755132,0.3747410551,0.2595090163,3649.1521115927917,47.671643224790145,44.43403886035969
1.0,0.001117398524,0.6704200886,0.1485169146,0.2497061959,0.3349137492,4755.50590386464,51.23839135324211,50.40548807237268
1.0,0.008063705319,0.1371951195,2.213523856,0.1078045214,0.6912117528,7.826723595002878,6.105926059728408,6.081539378637196
1.0,0.002408493024,0.1782677021,0.134017829,0.4203591982,0.1730062023,441.6900517779697,23.497730899522946,22.99680311900899
1.0,0.004510683946,4.168000857,0.3176255024,0.1020589546,0.1434368342,726.6951223447608,27.63696669066442,26.341832990443024
1.0,0.008964651127,1.806099892,1.342851031,0.4216292971,0.1706480913,331.3284289904384,21.250419168581658,19.949741973495286
1.0,0.003580346883,7.115394951,0.2271974449,0.3547944571,0.1071776792,6595.6145882839855,58.43837829188963,54.69027374339706
1.0,0.001091132598,5.81165711,0.4287584823,0.2204770686,0.1105324717,34417.53521942174,102.97709742210205,95.77102365656019
1.0,0.00728795189,1.804027757,0.2222358877,0.1952191699,0.1900315818,229.2361541226507,18.828721032214307,18.210011454742737
1.0,0.008657985924,0.5150540487,0.320738987,0.1080179489,0.8547886778,23.11961126740123,9.045426740803954,9.173944489440958
1.0,0.009752869651,6.437840159,1.336990306,0.3256224841,0.1591288398,769.4482856015609,28.17323625301745,26.199672554905074
1.0,0.006873553668,0.2157592276,2.332370984,0.4288101181,0.4953194822,67.93416485993933,12.534487036853474,12.186826847289888
1.0,0.001675623019,8.376484017,2.697465613,0.1420311519,0.2305737199,13807.42490333453,75.48557152270863,70.0537952752463
1.0,0.001588442216,1.375132268,1.515071361,0.4229689502,0.2464244375,7722.381213786411,61.563900077885684,57.947688639266204
1.0,0.003193337771,2.175003684,0.2018708032,0.1608811991,0.1720876542,1189.4653947595693,32.578070444812,31.365700016714545
1.0,0.002612465677,0.1028368387,2.861968562,0.1216466435,0.3319767331,63.608063669265995,12.26110357860583,11.92197490652479
1.0,0.009488409896,0.3998173431,0.291124936,0.1568020762,0.2150486446,24.127471792116246,8.874653547103879,8.710216299209518
1.0,0.001108105045,0.2829750573,1.304152596,0.1655022883,0.1839861922,1326.958654995081,33.766914398832355,32.21899144556027
1.0,0.004238660674,0.4074044568,6.744611188,0.1759882554,0.5770305391,138.9193613780913,15.901170146880293,15.320929021360243
1.0,0.00738704405,3.84190627,1.664610059,0.1872127254,0.2601827922,459.4947263926532,23.71015863437222,22.42170594229134
1.0,0.001188967635,0.9155278305,0.42841369,0.3273196964,0.3759851464,7570.540954393882,59.74884734377527,57.93363950241306
1.0,0.00669280135,7.894473516,7.336366386,0.1170507927,0.1767821223,720.4705485075461,27.583119704247927,25.320566348205755
1.0,0.008422923714,1.232409507,0.4090202595,0.1273023009,0.1183708833,77.38234359329323,13.067665142753373,12.490909490773362
1.0,0.00795668377,0.2017153684,0.1952906808,0.1410392002,0.1046304274,15.682087956640677,7.672708750413033,7.4784720734547
1.0,0.001838746577,2.624544907,0.2013260976,0.1643124545,0.1675463708,4388.007729110181,50.48066093920278,48.38259761146105
1.0,0.005351634911,2.994437199,6.187832687,0.1342701545,0.1362032087,490.56685604769007,24.25929397062675,22.304149668729814
1.0,0.002720116787,0.3261219382,0.1535623463,0.2832257986,0.9057152741,302.12244820862884,23.173497947757213,23.53927273452045
1.0,0.00306293272,0.1668139068,0.1954422585,0.1471180854,0.3605321208,82.64343923512034,13.777190936808514,13.799589254851398
1.0,0.002924769631,0.1337090114,0.4273906765,0.4717563462,0.584291608,229.72887008259715,19.469129946823607,19.392206961986226
1.0,0.00552614485,5.201408463,7.0508845,0.3185874506,0.4109912736,1884.6257980116304,38.03681751622738,35.45900067125455
1.0,0.002851966216,2.757311982,1.412113836,0.1225358592,0.2198385799,1446.5440610883484,34.76183969733773,32.878380582521906
1.0,0.008694049865,0.686786412,6.10082811,0.2300011931,0.3302500011,73.23991611778442,12.830338511014997,12.16883133030337
1.0,0.007919677067,0.1746850757,2.229174002,0.4754730115,0.3970224096,46.14699249904114,11.004469932273025,10.663321708445318
1.0,0.001524521977,8.437596323,0.2056140708,0.160036233,0.3557702918,22925.03847409385,83.63521535431147,80.80329790724295
1.0,0.008766693305,0.5891711203,4.15221558,0.1110208034,0.6390647729,29.60419993349488,9.492662257760891,9.256778024250401
1.0,0.003788166869,4.109860491,0.2722552072,0.1329435064,0.3806829948,1304.948458203008,33.698518747624,32.85867492473595
1.0,0.004741406322,0.7597239577,0.1302760078,0.3900245538,0.3687905671,428.9804256773231,23.63945544892491,23.375024956454936
1.0,0.00224206456,1.301494638,7.415539307,0.3089371656,0.1947906068,2754.3453538369245,43.32020779325358,39.94687298060962
1.0,0.002239812493,8.507407192,1.082643788,0.2565147058,0.1732610411,14181.67076764677,76.14649901212566,70.69595191238385
1.0,0.001502670521,0.3608409698,0.1175592047,0.1318703824,0.1809592879,705.0911438344962,27.652965429546867,27.183690336419883
1.0,0.003138827821,9.047354311,0.7140419676,0.1828651034,0.2615999677,5695.991331876278,55.37590694680271,52.37722175924842
1.0,0.009772557588,0.1760593313,0.1277876921,0.126075733,0.6431955559,7.134900329891166,6.137567426810461,6.300866220937648
1.0,0.008195877251,0.5721079935,0.1744619984,0.4605842627,0.1520966134,136.38627665019263,15.80608880287932,15.292104283688769
1.0,0.004371637653,0.6086933601,0.121311511,0.4389735348,0.1849219727,479.5831649810598,24.133518678725345,23.50046136748102
1.0,0.001003243966,7.58598402,1.119292661,0.12646839,0.145293233,30486.66168712999,98.91262869806434,91.71567555434271
1.0,0.001705425581,0.2023678235,0.8847916209,0.3057792706,0.4545110464,712.000676019606,27.748090539048096,27.17527837027957
1.0,0.005556264032,2.427459048,6.276951178,0.1315734921,0.6709054485,359.4711800222336,21.8532850280157,20.920667193540375
1.0,0.001819364525,2.374763027,1.479127938,0.3997920401,0.1282057586,9455.26407767362,66.2994668698006,61.23527523361609
1.0,0.009918284825,0.729008182,0.1738650412,0.170034574,0.3651526911,42.1200381564512,10.804628598300276,10.750999872507746
1.0,0.00390549501,0.1129303226,0.6507244124,0.1204500298,0.1312040412,31.12568737985914,9.645833413869866,9.345374912085715
1.0,0.009386560795,6.240412415,0.7661608419,0.2045133516,0.4396030337,499.7668193454352,24.4377132916624,23.53930447475711
1.0,0.003791864725,0.4347522599,6.84994145,0.4672163099,0.172277446,493.5299530212442,24.29630811252662,22.530496148279695
1.0,0.005571319741,2.673153188,3.426009525,0.1371411442,0.176737707,412.7332275987608,22.87947683685472,21.339831646922814
1.0,0.006826021097,2.486525821,7.92338155,0.1727478709,0.5560151328,321.7582706270761,21.041701156378338,19.964789733040433
1.0,0.001168044631,0.1818658396,3.73486062,0.4842368089,0.1706952505,2235.8575275744324,40.29224081569824,37.70566268811817
1.0,0.001833123023,2.983102508,6.257184381,0.2080438259,0.6247736681,6239.153195576354,57.15828280519554,54.092517543970814
1.0,0.006007111284,0.6429502926,0.5977867796,0.3904615089,0.1971030835,242.27509888426007,19.14442708153469,18.346961704875255
1.0,0.00281580534,0.3730068157,3.677058697,0.3293247699,0.1742367455,540.6747251981076,25.037545211115074,23.466589082645893
1.0,0.001448664486,7.663279293,0.9780310855,0.326777872,0.1205363109,37688.40027322506,106.66795194477274,98.0064520168678
1.0,0.002502240419,0.7157519849,5.119559003,0.3074851807,0.507250276,1222.987486203961,32.86288572310482,31.31874933670175
1.0,0.007248946103,1.27752582,1.142993543,0.3252740523,0.3940757751,273.8504970501421,19.97228966094709,19.24811124986018
1.0,0.00365145346,5.470675081,1.519509084,0.2305477014,0.5748707428,3277.3635943280856,45.695103315383086,43.77357209962288
1.0,0.003322053694,5.934497558,4.918076448,0.1156265572,0.7404130181,2155.741404283156,39.73979030898587,37.933479043818075
1.0,0.002859043901,8.701653762,1.140897831,0.4685399913,0.9510140137,19307.686881614816,79.50561012234037,76.5591699555279
1.0,0.002800107728,5.218497404,0.6871957991,0.3101317955,0.7113145793,7680.390201892322,59.222735594485926,57.398352154280346
1.0,0.004554434784,0.1113857842,0.3869028485,0.1893693303,0.5434211548,32.71801970392684,10.051854542346632,10.113471668276514
1.0,0.003195058554,2.231076655,0.6071725425,0.2841920165,0.7389359419,2176.353513623787,39.65753793930335,38.84192397423852
1.0,0.001429427425,2.612121197,3.146546749,0.2428839099,0.2317944337,10234.099337286078,68.04206399589485,63.31629580015486
1.0,0.00576085662,0.2092028009,5.950850461,0.377204419,0.1808927995,83.4158584057866,13.403714867025862,12.58205898647365
1.0,0.001590189794,0.184103164,2.365578867,0.1613453227,0.1333297375,409.8214101968759,22.818516768816654,21.558715617166133
1.0,0.003890962272,0.7030831452,9.435817496,0.2988892252,0.9544698462,479.3609921029175,24.093812969319817,23.19366037435887
1.0,0.001980010676,4.042636787,0.1993953269,0.112764096,0.2950463657,4144.762560067673,48.902987739456584,47.515071881523916
1.0,0.005169116661,0.546397201,0.4806301325,0.1537171748,0.2364269322,108.55110122007537,14.675430493527083,14.280459095744902
1.0,0.008795573566,0.5405308436,6.638131113,0.2470977471,0.21084302,60.558792586446245,12.047396992728894,11.307153288624384
1.0,0.001188309506,3.414808585,5.253698215,0.2356991279,0.7176124208,19154.63340308456,83.20969413353377,78.87445020793699
1.0,0.00208738489,0.751376564,3.667547902,0.3121792547,0.5285181382,1870.5926231242765,37.87086624160051,36.22824330295341
1.0,0.001391529023,0.3617696467,1.722195048,0.1916286205,0.1255848248,1248.518917184838,33.09491986784965,31.11239541207797
1.0,0.009950644159,0.1268433839,4.805601325,0.115775171,0.4665366071,5.184997178918532,5.301084776964255,5.18580782896577
1.0,0.00565712109,0.1002283879,0.4890685663,0.2303302957,0.4915697665,24.00583721393677,8.967844059765632,8.976784299711936
1.0,0.001039036537,1.771997612,3.32526931,0.2737441808,0.3700041683,14869.06053688583,76.9017065821848,72.39014746715534
1.0,0.001287526036,0.5191435639,1.143134147,0.2710439986,0.1685338662,2925.6163147545417,44.111806402371094,41.72108002351436
1.0,0.002117394216,0.497877399,9.756905109,0.1036229603,0.1719544762,402.22245629414306,22.68402941782944,21.12769806771923
1.0,0.00164865047,0.3341522774,2.872871864,0.3359932085,0.6239078843,1429.0058392832455,34.64272171165089,33.53884243483809
1.0,0.005613426999,0.1297777838,0.4104531889,0.2678621366,0.5331774173,36.11737700651033,10.331603936000418,10.349697360184392
1.0,0.001742044562,0.2166370748,0.4870583495,0.1111730658,0.60310895,233.82611890550095,19.94550758561799,19.963521763122237
1.0,0.003117902155,0.104505576,5.573191182,0.2574728751,0.9242454203,93.86266849386578,14.05624724240814,13.82205800070565
1.0,0.003584935848,1.306782919,2.025546467,0.2015275787,0.7295727126,697.489667745357,27.41620148917061,26.65616340916546
1.0,0.001175335334,3.272473874,9.849890042,0.1940498588,0.2899312239,14889.13873917315,77.59671796773493,71.54700805975014
1.0,0.002153444156,0.764105488,0.1149572161,0.3157285808,0.2435713704,1782.30521637075,37.38388872843043,36.59614369512793
1.0,0.001474841055,0.1437932035,0.1005203304,0.2282793959,0.1734233084,506.24509143631667,24.733844019235754,24.406293403578644
1.0,0.001890838285,2.743163178,0.5723072137,0.2427784351,0.2721354555,6378.674343262849,57.28932756570613,54.67292675639953
1.0,0.001984328297,0.1063468847,0.2477986571,0.3388146173,0.1957037106,311.2103716476061,20.9455737082514,20.51281839336782
