num_input,seed,iteration,evaluations,elapsed_seconds,convergence,S_cov,S_cov_raw,sidl_error,nrmse_var,corr_Y_mhat,formula
1,0,1,80,17.891789197921753,4.992370356834947e-07,0.747620781882949,0.747620781882949,0.252379218117051,0.48782221601484455,0.8731055264744629,pi1: u^0.1550 * rho^0.1550 * D^1.0000 * k_s^-0.8450 * mu^-0.1550
1,0,2,120,26.952824115753174,1.258073548030775e-06,0.747620781882949,0.747620781882949,0.252379218117051,0.48782221601484455,0.8731055264744629,pi1: u^0.1550 * rho^0.1550 * D^1.0000 * k_s^-0.8450 * mu^-0.1550
1,0,3,160,36.03643298149109,2.184861379820229e-06,0.7476657715954763,0.7476657715954763,0.2523342284045237,0.4877237660825256,0.8731616749991041,pi1: u^0.1479 * rho^0.1479 * D^1.0000 * k_s^-0.8521 * mu^-0.1479
1,0,4,200,45.55207014083862,2.6498811879021484e-06,0.7476657715954763,0.7476657715954763,0.2523342284045237,0.4877237660825256,0.8731616749991041,pi1: u^0.1479 * rho^0.1479 * D^1.0000 * k_s^-0.8521 * mu^-0.1479
1,0,5,240,54.96773624420166,8.828403468910941e-06,0.7476657715954763,0.7476657715954763,0.2523342284045237,0.4877237660825256,0.8731616749991041,pi1: u^0.1479 * rho^0.1479 * D^1.0000 * k_s^-0.8521 * mu^-0.1479
1,0,6,280,64.10238695144653,1.7681236390796798e-05,0.7476729680532848,0.7476729680532848,0.25232703194671524,0.4876986951413938,0.873176070753999,pi1: u^0.1447 * rho^0.1447 * D^1.0000 * k_s^-0.8553 * mu^-0.1447
1,0,7,320,73.28960108757019,2.1164009423522935e-05,0.7476729680532848,0.7476729680532848,0.25232703194671524,0.4876986951413938,0.873176070753999,pi1: u^0.1447 * rho^0.1447 * D^1.0000 * k_s^-0.8553 * mu^-0.1447
1,0,8,360,82.39641404151917,2.1171680530531996e-05,0.7476729680532848,0.7476729680532848,0.25232703194671524,0.4876986951413938,0.873176070753999,pi1: u^0.1447 * rho^0.1447 * D^1.0000 * k_s^-0.8553 * mu^-0.1447
1,0,9,400,91.50788903236389,2.1115934713562153e-05,0.7476729680532848,0.7476729680532848,0.25232703194671524,0.4876986951413938,0.873176070753999,pi1: u^0.1447 * rho^0.1447 * D^1.0000 * k_s^-0.8553 * mu^-0.1447
1,0,10,440,100.68536615371704,2.3882583741620873e-05,0.7476729680532848,0.7476729680532848,0.25232703194671524,0.4876986951413938,0.873176070753999,pi1: u^0.1447 * rho^0.1447 * D^1.0000 * k_s^-0.8553 * mu^-0.1447
1,0,11,480,109.89522314071655,3.0094704429375583e-05,0.7476729680532848,0.7476729680532848,0.25232703194671524,0.4876986951413938,0.873176070753999,pi1: u^0.1447 * rho^0.1447 * D^1.0000 * k_s^-0.8553 * mu^-0.1447
1,0,12,520,119.24202513694763,3.2421205130712614e-05,0.7476729680532848,0.7476729680532848,0.25232703194671524,0.4876986951413938,0.873176070753999,pi1: u^0.1447 * rho^0.1447 * D^1.0000 * k_s^-0.8553 * mu^-0.1447
1,0,13,560,128.566162109375,3.2411262865113525e-05,0.7476729680532848,0.7476729680532848,0.25232703194671524,0.4876986951413938,0.873176070753999,pi1: u^0.1447 * rho^0.1447 * D^1.0000 * k_s^-0.8553 * mu^-0.1447
1,0,14,600,137.90457820892334,0.0002797735685704507,0.7476732286046153,0.7476732286046153,0.25232677139538473,0.4876851843351029,0.8731839125888715,pi1: u^0.1418 * rho^0.1418 * D^1.0000 * k_s^-0.8582 * mu^-0.1418
1,0,15,640,147.12809300422668,0.0002798005889197198,0.7476734919435907,0.7476734919435907,0.2523265080564093,0.4876953301453387,0.8731780131704581,pi1: u^0.1442 * rho^0.1442 * D^1.0000 * k_s^-0.8558 * mu^-0.1442
1,0,16,680,156.39860892295837,0.004059345569587417,0.7476737224433906,0.7476737224433906,0.2523262775566094,0.487693158074423,0.8731792694804683,pi1: u^0.1438 * rho^0.1438 * D^1.0000 * k_s^-0.8562 * mu^-0.1438
1,0,17,720,165.72374987602234,0.006343294011263923,0.7476737224433906,0.7476737224433906,0.2523262775566094,0.487693158074423,0.8731792694804683,pi1: u^0.1438 * rho^0.1438 * D^1.0000 * k_s^-0.8562 * mu^-0.1438
1,0,18,760,175.05041909217834,0.008391782847373113,0.7476738501972574,0.7476738501972574,0.2523261498027426,0.4876905043042645,0.8731808079770662,pi1: u^0.1432 * rho^0.1432 * D^1.0000 * k_s^-0.8568 * mu^-0.1432
1,0,19,800,184.32285714149475,0.010817049217487926,0.7476738501972574,0.7476738501972574,0.2523261498027426,0.4876905043042645,0.8731808079770662,pi1: u^0.1432 * rho^0.1432 * D^1.0000 * k_s^-0.8568 * mu^-0.1432
1,0,20,840,193.53879809379578,0.014068836247652084,0.7476738501972574,0.7476738501972574,0.2523261498027426,0.4876905043042645,0.8731808079770662,pi1: u^0.1432 * rho^0.1432 * D^1.0000 * k_s^-0.8568 * mu^-0.1432
1,0,21,880,202.8194601535797,0.08000106815791162,0.7476738513670329,0.7476738513670329,0.2523261486329671,0.48769025609851013,0.8731809521224407,pi1: u^0.1432 * rho^0.1432 * D^1.0000 * k_s^-0.8568 * mu^-0.1432
1,0,22,920,211.98867011070251,0.17282260583198733,0.7476738513670329,0.7476738513670329,0.2523261486329671,0.48769025609851013,0.8731809521224407,pi1: u^0.1432 * rho^0.1432 * D^1.0000 * k_s^-0.8568 * mu^-0.1432
1,0,23,960,221.17529821395874,0.7980426378802664,0.7476738513670329,0.7476738513670329,0.2523261486329671,0.48769025609851013,0.8731809521224407,pi1: u^0.1432 * rho^0.1432 * D^1.0000 * k_s^-0.8568 * mu^-0.1432
1,0,24,1000,230.36235404014587,1.5046796695721218,0.7476738513670329,0.7476738513670329,0.2523261486329671,0.48769025609851013,0.8731809521224407,pi1: u^0.1432 * rho^0.1432 * D^1.0000 * k_s^-0.8568 * mu^-0.1432
1,42,1,80,18.71542000770569,8.469586141530278e-07,0.7476293599029229,0.7476293599029229,0.2523706400970771,0.48770924931828097,0.8731709550008292,pi1: u^0.1317 * rho^0.1317 * D^1.0000 * k_s^-0.8683 * mu^-0.1317
1,42,2,120,27.81191396713257,1.380987641924549e-06,0.7476293599029229,0.7476293599029229,0.2523706400970771,0.48770924931828097,0.8731709550008292,pi1: u^0.1317 * rho^0.1317 * D^1.0000 * k_s^-0.8683 * mu^-0.1317
1,42,3,160,37.07330012321472,2.7733509883283456e-06,0.7476569607900808,0.7476569607900808,0.2523430392099192,0.48768502516348444,0.8731843837859721,pi1: u^0.1362 * rho^0.1362 * D^1.0000 * k_s^-0.8638 * mu^-0.1362
1,42,4,200,46.23150587081909,3.489950237805846e-06,0.7476729956511257,0.7476729956511257,0.25232700434887434,0.4876845042764667,0.8731843130273974,pi1: u^0.1416 * rho^0.1416 * D^1.0000 * k_s^-0.8584 * mu^-0.1416
1,42,5,240,55.466315031051636,4.122552543244962e-06,0.7476738510164759,0.7476738510164759,0.2523261489835241,0.4876900994834715,0.8731810431018416,pi1: u^0.1431 * rho^0.1431 * D^1.0000 * k_s^-0.8569 * mu^-0.1431
1,42,6,280,64.69082283973694,5.727942041112942e-06,0.7476738510164759,0.7476738510164759,0.2523261489835241,0.4876900994834715,0.8731810431018416,pi1: u^0.1431 * rho^0.1431 * D^1.0000 * k_s^-0.8569 * mu^-0.1431
1,42,7,320,73.97233200073242,1.1810550245144747e-05,0.7476738510164759,0.7476738510164759,0.2523261489835241,0.4876900994834715,0.8731810431018416,pi1: u^0.1431 * rho^0.1431 * D^1.0000 * k_s^-0.8569 * mu^-0.1431
1,42,8,360,83.11572790145874,6.424905257345771e-05,0.7476738510164759,0.7476738510164759,0.2523261489835241,0.4876900994834715,0.8731810431018416,pi1: u^0.1431 * rho^0.1431 * D^1.0000 * k_s^-0.8569 * mu^-0.1431
1,42,9,400,92.37636303901672,6.435569876476208e-05,0.7476738510164759,0.7476738510164759,0.2523261489835241,0.4876900994834715,0.8731810431018416,pi1: u^0.1431 * rho^0.1431 * D^1.0000 * k_s^-0.8569 * mu^-0.1431
1,42,10,440,101.58404684066772,0.0002684033971869344,0.7476738510164759,0.7476738510164759,0.2523261489835241,0.4876900994834715,0.8731810431018416,pi1: u^0.1431 * rho^0.1431 * D^1.0000 * k_s^-0.8569 * mu^-0.1431
1,42,11,480,110.76169610023499,0.00033499126933013,0.7476738510164759,0.7476738510164759,0.2523261489835241,0.4876900994834715,0.8731810431018416,pi1: u^0.1431 * rho^0.1431 * D^1.0000 * k_s^-0.8569 * mu^-0.1431
1,42,12,520,119.87562704086304,0.00042286681859646295,0.7476738510164759,0.7476738510164759,0.2523261489835241,0.4876900994834715,0.8731810431018416,pi1: u^0.1431 * rho^0.1431 * D^1.0000 * k_s^-0.8569 * mu^-0.1431
1,42,13,560,129.00018692016602,0.00042169393179141676,0.7476738510164759,0.7476738510164759,0.2523261489835241,0.4876900994834715,0.8731810431018416,pi1: u^0.1431 * rho^0.1431 * D^1.0000 * k_s^-0.8569 * mu^-0.1431
1,42,14,600,138.13952684402466,0.0009794358143037996,0.7476738510164759,0.7476738510164759,0.2523261489835241,0.4876900994834715,0.8731810431018416,pi1: u^0.1431 * rho^0.1431 * D^1.0000 * k_s^-0.8569 * mu^-0.1431
1,42,15,640,147.31520009040833,0.0014481027158558851,0.7476738510164759,0.7476738510164759,0.2523261489835241,0.4876900994834715,0.8731810431018416,pi1: u^0.1431 * rho^0.1431 * D^1.0000 * k_s^-0.8569 * mu^-0.1431
1,42,16,680,156.5066590309143,0.0015977516160629087,0.7476738510164759,0.7476738510164759,0.2523261489835241,0.4876900994834715,0.8731810431018416,pi1: u^0.1431 * rho^0.1431 * D^1.0000 * k_s^-0.8569 * mu^-0.1431
1,42,17,720,165.80241107940674,0.004343071847124233,0.7476738510164759,0.7476738510164759,0.2523261489835241,0.4876900994834715,0.8731810431018416,pi1: u^0.1431 * rho^0.1431 * D^1.0000 * k_s^-0.8569 * mu^-0.1431
1,42,18,760,175.1943781375885,0.007436108660183851,0.7476738510164759,0.7476738510164759,0.2523261489835241,0.4876900994834715,0.8731810431018416,pi1: u^0.1431 * rho^0.1431 * D^1.0000 * k_s^-0.8569 * mu^-0.1431
1,42,19,800,184.74829387664795,0.00757094649116786,0.7476738510164759,0.7476738510164759,0.2523261489835241,0.4876900994834715,0.8731810431018416,pi1: u^0.1431 * rho^0.1431 * D^1.0000 * k_s^-0.8569 * mu^-0.1431
1,42,20,840,194.39196610450745,0.010952236334590602,0.7476738511522956,0.7476738511522956,0.25232614884770443,0.48769035911136593,0.8731808922914724,pi1: u^0.1432 * rho^0.1432 * D^1.0000 * k_s^-0.8568 * mu^-0.1432
1,42,21,880,203.64098691940308,0.01244998833623189,0.7476738512557987,0.7476738512557987,0.25232614874420134,0.487690322365988,0.87318091363296,pi1: u^0.1432 * rho^0.1432 * D^1.0000 * k_s^-0.8568 * mu^-0.1432
1,42,22,920,212.88083696365356,0.012722826001540804,0.7476738512557987,0.7476738512557987,0.25232614874420134,0.487690322365988,0.87318091363296,pi1: u^0.1432 * rho^0.1432 * D^1.0000 * k_s^-0.8568 * mu^-0.1432
1,42,23,960,222.3603069782257,0.11594392941592765,0.7476738513600634,0.7476738513600634,0.25232614863993663,0.48769026217596456,0.8731809485924562,pi1: u^0.1432 * rho^0.1432 * D^1.0000 * k_s^-0.8568 * mu^-0.1432
1,42,24,1000,231.83757710456848,0.20334733263831326,0.7476738513614605,0.7476738513614605,0.2523261486385395,0.48769026960899997,0.8731809442748759,pi1: u^0.1432 * rho^0.1432 * D^1.0000 * k_s^-0.8568 * mu^-0.1432
1,42,25,1040,241.0417730808258,0.27485509044027423,0.7476738513614605,0.7476738513614605,0.2523261486385395,0.48769026960899997,0.8731809442748759,pi1: u^0.1432 * rho^0.1432 * D^1.0000 * k_s^-0.8568 * mu^-0.1432
1,42,26,1080,250.34538197517395,0.5779854889922839,0.7476738513614605,0.7476738513614605,0.2523261486385395,0.48769026960899997,0.8731809442748759,pi1: u^0.1432 * rho^0.1432 * D^1.0000 * k_s^-0.8568 * mu^-0.1432
1,42,27,1120,259.45404601097107,0.5827509999452128,0.7476738513614605,0.7476738513614605,0.2523261486385395,0.48769026960899997,0.8731809442748759,pi1: u^0.1432 * rho^0.1432 * D^1.0000 * k_s^-0.8568 * mu^-0.1432
1,42,28,1160,268.59243392944336,5.827965622594086,0.7476738513614605,0.7476738513614605,0.2523261486385395,0.48769026960899997,0.8731809442748759,pi1: u^0.1432 * rho^0.1432 * D^1.0000 * k_s^-0.8568 * mu^-0.1432
1,4209,1,80,17.758974075317383,1.3040615618066061e-06,0.7476726857551348,0.7476726857551348,0.2523273142448652,0.4877001769254655,0.8731752166035006,pi1: u^0.1450 * rho^0.1450 * D^1.0000 * k_s^-0.8550 * mu^-0.1450
1,4209,2,120,27.213818073272705,1.7530643527801305e-06,0.7476726857551348,0.7476726857551348,0.2523273142448652,0.4877001769254655,0.8731752166035006,pi1: u^0.1450 * rho^0.1450 * D^1.0000 * k_s^-0.8550 * mu^-0.1450
1,4209,3,160,36.34548997879028,2.8447818088773287e-06,0.7476726857551348,0.7476726857551348,0.2523273142448652,0.4877001769254655,0.8731752166035006,pi1: u^0.1450 * rho^0.1450 * D^1.0000 * k_s^-0.8550 * mu^-0.1450
1,4209,4,200,45.69246792793274,7.495131228622866e-06,0.7476727388821811,0.7476727388821811,0.2523272611178189,0.4876839081965765,0.873184665240628,pi1: u^0.1414 * rho^0.1414 * D^1.0000 * k_s^-0.8586 * mu^-0.1414
1,4209,5,240,54.925103187561035,9.768624106214292e-06,0.7476727388821811,0.7476727388821811,0.2523272611178189,0.4876839081965765,0.873184665240628,pi1: u^0.1414 * rho^0.1414 * D^1.0000 * k_s^-0.8586 * mu^-0.1414
1,4209,6,280,64.02325820922852,9.754606438861386e-06,0.7476727388821811,0.7476727388821811,0.2523272611178189,0.4876839081965765,0.873184665240628,pi1: u^0.1414 * rho^0.1414 * D^1.0000 * k_s^-0.8586 * mu^-0.1414
1,4209,7,320,73.1787281036377,2.502788177480412e-05,0.7476727388821811,0.7476727388821811,0.2523272611178189,0.4876839081965765,0.873184665240628,pi1: u^0.1414 * rho^0.1414 * D^1.0000 * k_s^-0.8586 * mu^-0.1414
1,4209,8,360,82.35173916816711,0.0001564171890719546,0.747673161661884,0.747673161661884,0.252326838338116,0.48768497167297914,0.8731840376731339,pi1: u^0.1418 * rho^0.1418 * D^1.0000 * k_s^-0.8582 * mu^-0.1418
1,4209,9,400,91.46160411834717,0.00017041881789583513,0.7476737293066565,0.7476737293066565,0.25232627069334346,0.4876877684289196,0.8731823999466392,pi1: u^0.1426 * rho^0.1426 * D^1.0000 * k_s^-0.8574 * mu^-0.1426
1,4209,10,440,100.65546917915344,0.0005758729405524827,0.7476737293066565,0.7476737293066565,0.25232627069334346,0.4876877684289196,0.8731823999466392,pi1: u^0.1426 * rho^0.1426 * D^1.0000 * k_s^-0.8574 * mu^-0.1426
1,4209,11,480,109.77242231369019,0.0007031509841010075,0.7476737293066565,0.7476737293066565,0.25232627069334346,0.4876877684289196,0.8731823999466392,pi1: u^0.1426 * rho^0.1426 * D^1.0000 * k_s^-0.8574 * mu^-0.1426
1,4209,12,520,118.94435906410217,0.0008432605699174802,0.7476738513208265,0.7476738513208265,0.25232614867917347,0.48769029791599416,0.8731809278334464,pi1: u^0.1432 * rho^0.1432 * D^1.0000 * k_s^-0.8568 * mu^-0.1432
1,4209,13,560,128.12154388427734,0.003141588632853713,0.7476738513208265,0.7476738513208265,0.25232614867917347,0.48769029791599416,0.8731809278334464,pi1: u^0.1432 * rho^0.1432 * D^1.0000 * k_s^-0.8568 * mu^-0.1432
1,4209,14,600,137.25828504562378,0.0031464529087066135,0.7476738513208265,0.7476738513208265,0.25232614867917347,0.48769029791599416,0.8731809278334464,pi1: u^0.1432 * rho^0.1432 * D^1.0000 * k_s^-0.8568 * mu^-0.1432
1,4209,15,640,146.45921730995178,0.003483119516636881,0.7476738513494177,0.7476738513494177,0.25232614865058234,0.48769027508657653,0.8731809410934589,pi1: u^0.1432 * rho^0.1432 * D^1.0000 * k_s^-0.8568 * mu^-0.1432
1,4209,16,680,155.58212208747864,0.006255604518689529,0.7476738513702129,0.7476738513702129,0.2523261486297871,0.4876902205856075,0.8731809727503531,pi1: u^0.1432 * rho^0.1432 * D^1.0000 * k_s^-0.8568 * mu^-0.1432
1,4209,17,720,164.67156100273132,0.006374441217954054,0.7476738513702129,0.7476738513702129,0.2523261486297871,0.4876902205856075,0.8731809727503531,pi1: u^0.1432 * rho^0.1432 * D^1.0000 * k_s^-0.8568 * mu^-0.1432
1,4209,18,760,173.80925107002258,0.06632083180627217,0.7476738513702129,0.7476738513702129,0.2523261486297871,0.4876902205856075,0.8731809727503531,pi1: u^0.1432 * rho^0.1432 * D^1.0000 * k_s^-0.8568 * mu^-0.1432
1,4209,19,800,182.9608509540558,0.0726040896808938,0.7476738513702129,0.7476738513702129,0.2523261486297871,0.4876902205856075,0.8731809727503531,pi1: u^0.1432 * rho^0.1432 * D^1.0000 * k_s^-0.8568 * mu^-0.1432
1,4209,20,840,192.12647199630737,0.0733731123073983,0.7476738513702129,0.7476738513702129,0.2523261486297871,0.4876902205856075,0.8731809727503531,pi1: u^0.1432 * rho^0.1432 * D^1.0000 * k_s^-0.8568 * mu^-0.1432
1,4209,21,880,201.44281125068665,0.08836858013386355,0.7476738513702129,0.7476738513702129,0.2523261486297871,0.4876902205856075,0.8731809727503531,pi1: u^0.1432 * rho^0.1432 * D^1.0000 * k_s^-0.8568 * mu^-0.1432
1,4209,22,920,210.60975694656372,0.1790764718503858,0.7476738513702129,0.7476738513702129,0.2523261486297871,0.4876902205856075,0.8731809727503531,pi1: u^0.1432 * rho^0.1432 * D^1.0000 * k_s^-0.8568 * mu^-0.1432
1,4209,23,960,219.7559690475464,0.8709502834093239,0.7476738513702129,0.7476738513702129,0.2523261486297871,0.4876902205856075,0.8731809727503531,pi1: u^0.1432 * rho^0.1432 * D^1.0000 * k_s^-0.8568 * mu^-0.1432
1,4209,24,1000,228.87597918510437,0.9864466199338444,0.7476738513702129,0.7476738513702129,0.2523261486297871,0.4876902205856075,0.8731809727503531,pi1: u^0.1432 * rho^0.1432 * D^1.0000 * k_s^-0.8568 * mu^-0.1432
1,4209,25,1040,238.10559010505676,4.925076470561779,0.7476738513702129,0.7476738513702129,0.2523261486297871,0.4876902205856075,0.8731809727503531,pi1: u^0.1432 * rho^0.1432 * D^1.0000 * k_s^-0.8568 * mu^-0.1432
2,0,1,160,30.36507797241211,1.9689552613427675e-06,0.9875248777258236,0.9875248777258236,0.012475122274176353,0.04449773594211752,0.9990659167997235,"pi1: u^1.0000 * rho^1.0000 * D^1.0000 * mu^-1.0000
pi2: D^1.0000 * k_s^-1.0000"
2,0,2,240,45.0488440990448,5.498161551562961e-06,0.9875248777258236,0.9875248777258236,0.012475122274176353,0.04449773594211752,0.9990659167997235,"pi1: u^1.0000 * rho^1.0000 * D^1.0000 * mu^-1.0000
pi2: D^1.0000 * k_s^-1.0000"
2,0,3,320,60.00204586982727,1.0800035324017139e-05,0.9875248777258236,0.9875248777258236,0.012475122274176353,0.04449773594211752,0.9990659167997235,"pi1: u^1.0000 * rho^1.0000 * D^1.0000 * mu^-1.0000
pi2: D^1.0000 * k_s^-1.0000"
2,0,4,400,75.15979194641113,2.8769085602291394e-05,0.9875248777258236,0.9875248777258236,0.012475122274176353,0.04449773594211752,0.9990659167997235,"pi1: u^1.0000 * rho^1.0000 * D^1.0000 * mu^-1.0000
pi2: D^1.0000 * k_s^-1.0000"
2,0,5,480,90.41547393798828,4.106891921557084e-05,0.9875248777258236,0.9875248777258236,0.012475122274176353,0.04449773594211752,0.9990659167997235,"pi1: u^1.0000 * rho^1.0000 * D^1.0000 * mu^-1.0000
pi2: D^1.0000 * k_s^-1.0000"
2,0,6,560,105.87466192245483,4.964150202464478e-05,0.9875248777258236,0.9875248777258236,0.012475122274176353,0.04449773594211752,0.9990659167997235,"pi1: u^1.0000 * rho^1.0000 * D^1.0000 * mu^-1.0000
pi2: D^1.0000 * k_s^-1.0000"
2,0,7,640,120.70372486114502,5.444577794892746e-05,0.9875248777258236,0.9875248777258236,0.012475122274176353,0.04449773594211752,0.9990659167997235,"pi1: u^1.0000 * rho^1.0000 * D^1.0000 * mu^-1.0000
pi2: D^1.0000 * k_s^-1.0000"
2,0,8,720,135.6273319721222,7.25694746849089e-05,0.9875248777258236,0.9875248777258236,0.012475122274176353,0.04449773594211752,0.9990659167997235,"pi1: u^1.0000 * rho^1.0000 * D^1.0000 * mu^-1.0000
pi2: D^1.0000 * k_s^-1.0000"
2,0,9,800,151.4417369365692,0.00010123398697228493,0.9875248777258236,0.9875248777258236,0.012475122274176353,0.04449773594211752,0.9990659167997235,"pi1: u^1.0000 * rho^1.0000 * D^1.0000 * mu^-1.0000
pi2: D^1.0000 * k_s^-1.0000"
2,0,10,880,166.5013828277588,0.000125187092954016,0.9875248777258236,0.9875248777258236,0.012475122274176353,0.04449773594211752,0.9990659167997235,"pi1: u^1.0000 * rho^1.0000 * D^1.0000 * mu^-1.0000
pi2: D^1.0000 * k_s^-1.0000"
2,0,11,960,181.72802996635437,0.0001299300654340591,0.9875248777258236,0.9875248777258236,0.012475122274176353,0.04449773594211752,0.9990659167997235,"pi1: u^1.0000 * rho^1.0000 * D^1.0000 * mu^-1.0000
pi2: D^1.0000 * k_s^-1.0000"
2,0,12,1040,197.41337704658508,0.00014747804583765134,0.9875248777258236,0.9875248777258236,0.012475122274176353,0.04449773594211752,0.9990659167997235,"pi1: u^1.0000 * rho^1.0000 * D^1.0000 * mu^-1.0000
pi2: D^1.0000 * k_s^-1.0000"
2,0,13,1120,212.50227689743042,0.00014759381140981483,0.9875248777258236,0.9875248777258236,0.012475122274176353,0.04449773594211752,0.9990659167997235,"pi1: u^1.0000 * rho^1.0000 * D^1.0000 * mu^-1.0000
pi2: D^1.0000 * k_s^-1.0000"
2,0,14,1200,227.83957505226135,0.0001549996707828123,0.9875248777258236,0.9875248777258236,0.012475122274176353,0.04449773594211752,0.9990659167997235,"pi1: u^1.0000 * rho^1.0000 * D^1.0000 * mu^-1.0000
pi2: D^1.0000 * k_s^-1.0000"
2,0,15,1280,242.66074991226196,0.00016129233480476545,0.9875248777258236,0.9875248777258236,0.012475122274176353,0.04449773594211752,0.9990659167997235,"pi1: u^1.0000 * rho^1.0000 * D^1.0000 * mu^-1.0000
pi2: D^1.0000 * k_s^-1.0000"
2,0,16,1360,257.52142000198364,0.0001601545517021401,0.9875248777258236,0.9875248777258236,0.012475122274176353,0.04449773594211752,0.9990659167997235,"pi1: u^1.0000 * rho^1.0000 * D^1.0000 * mu^-1.0000
pi2: D^1.0000 * k_s^-1.0000"
2,0,17,1440,271.5065050125122,0.0001835081479595988,0.9875248777258236,0.9875248777258236,0.012475122274176353,0.04449773594211752,0.9990659167997235,"pi1: u^1.0000 * rho^1.0000 * D^1.0000 * mu^-1.0000
pi2: D^1.0000 * k_s^-1.0000"
2,0,18,1520,285.57708382606506,0.00018350581167746752,0.9875248777258236,0.9875248777258236,0.012475122274176353,0.04449773594211752,0.9990659167997235,"pi1: u^1.0000 * rho^1.0000 * D^1.0000 * mu^-1.0000
pi2: D^1.0000 * k_s^-1.0000"
2,0,19,1600,300.4938361644745,0.0001833113402131518,0.9875248777258236,0.9875248777258236,0.012475122274176353,0.04449773594211752,0.9990659167997235,"pi1: u^1.0000 * rho^1.0000 * D^1.0000 * mu^-1.0000
pi2: D^1.0000 * k_s^-1.0000"
2,0,20,1680,314.9190459251404,0.00019403914822183809,0.9875248777258236,0.9875248777258236,0.012475122274176353,0.04449773594211752,0.9990659167997235,"pi1: u^1.0000 * rho^1.0000 * D^1.0000 * mu^-1.0000
pi2: D^1.0000 * k_s^-1.0000"
2,0,21,1760,329.225478887558,0.00020425685126834674,0.9875248777258236,0.9875248777258236,0.012475122274176353,0.04449773594211752,0.9990659167997235,"pi1: u^1.0000 * rho^1.0000 * D^1.0000 * mu^-1.0000
pi2: D^1.0000 * k_s^-1.0000"
2,0,22,1840,344.53658390045166,0.0002026772094972992,0.9875259981434515,0.9875259981434515,0.012474001856548456,0.044579477749377476,0.9990622054450135,"pi1: u^0.9635 * rho^0.9635 * D^1.0000 * k_s^-0.0365 * mu^-0.9635
pi2: u^0.0030 * rho^0.0030 * D^1.0000 * k_s^-0.9970 * mu^-0.0030"
2,0,23,1920,359.5628569126129,0.00019543231651178834,0.9875404043939122,0.9875404043939122,0.012459595606087781,0.04456508757937726,0.9990627057866679,"pi1: u^0.9544 * rho^0.9544 * D^1.0000 * k_s^-0.0456 * mu^-0.9544
pi2: u^0.0036 * rho^0.0036 * D^1.0000 * k_s^-0.9964 * mu^-0.0036"
2,0,24,2000,374.40039896965027,0.00019714442554597558,0.987546958393927,0.987546958393927,0.012453041606072968,0.04455535942884956,0.9990630788855828,"pi1: u^0.9478 * rho^0.9478 * D^1.0000 * k_s^-0.0522 * mu^-0.9478
pi2: u^0.0038 * rho^0.0038 * D^1.0000 * k_s^-0.9962 * mu^-0.0038"
2,0,25,2080,388.57106494903564,0.00020065720257474943,0.987546958393927,0.987546958393927,0.012453041606072968,0.04455535942884956,0.9990630788855828,"pi1: u^0.9478 * rho^0.9478 * D^1.0000 * k_s^-0.0522 * mu^-0.9478
pi2: u^0.0038 * rho^0.0038 * D^1.0000 * k_s^-0.9962 * mu^-0.0038"
2,0,26,2160,402.2139000892639,0.00024045719471311696,0.9875960316517963,0.9875960316517963,0.012403968348203676,0.044560390171820397,0.9990623196798488,"pi1: u^0.9209 * rho^0.9209 * D^1.0000 * k_s^-0.0791 * mu^-0.9209
pi2: u^0.0020 * rho^0.0020 * D^1.0000 * k_s^-0.9980 * mu^-0.0020"
2,0,27,2240,415.1807608604431,0.0003329517425351539,0.9876173439069456,0.9876173439069456,0.012382656093054445,0.044573135861323464,0.9990615127444585,"pi1: u^0.8907 * rho^0.8907 * D^1.0000 * k_s^-0.1093 * mu^-0.8907
pi2: u^0.0024 * rho^0.0024 * D^1.0000 * k_s^-0.9976 * mu^-0.0024"
2,0,28,2320,429.2463068962097,0.00034438129917397053,0.9876173439069456,0.9876173439069456,0.012382656093054445,0.044573135861323464,0.9990615127444585,"pi1: u^0.8907 * rho^0.8907 * D^1.0000 * k_s^-0.1093 * mu^-0.8907
pi2: u^0.0024 * rho^0.0024 * D^1.0000 * k_s^-0.9976 * mu^-0.0024"
2,0,29,2400,441.9783658981323,0.0004182199251223763,0.9876177137777791,0.9876177137777791,0.012382286222220928,0.04456993029994649,0.9990616537193479,"pi1: u^0.8971 * rho^0.8971 * D^1.0000 * k_s^-0.1029 * mu^-0.8971
pi2: u^0.0024 * rho^0.0024 * D^1.0000 * k_s^-0.9976 * mu^-0.0024"
2,0,30,2480,454.6354990005493,0.00076357387158808,0.9876241719456642,0.9876241719456642,0.012375828054335791,0.044579256667761614,0.9990611595575655,"pi1: u^0.8917 * rho^0.8917 * D^1.0000 * k_s^-0.1083 * mu^-0.8917
pi2: u^0.0030 * rho^0.0030 * D^1.0000 * k_s^-0.9970 * mu^-0.0030"
2,0,31,2560,467.08775997161865,0.001504970363583951,0.9876241719456642,0.9876241719456642,0.012375828054335791,0.044579256667761614,0.9990611595575655,"pi1: u^0.8917 * rho^0.8917 * D^1.0000 * k_s^-0.1083 * mu^-0.8917
pi2: u^0.0030 * rho^0.0030 * D^1.0000 * k_s^-0.9970 * mu^-0.0030"
2,0,32,2640,479.5967309474945,0.0015424727274773082,0.9876241719456642,0.9876241719456642,0.012375828054335791,0.044579256667761614,0.9990611595575655,"pi1: u^0.8917 * rho^0.8917 * D^1.0000 * k_s^-0.1083 * mu^-0.8917
pi2: u^0.0030 * rho^0.0030 * D^1.0000 * k_s^-0.9970 * mu^-0.0030"
2,0,33,2720,492.2150390148163,0.0017466374124410545,0.9876247031187815,0.9876247031187815,0.012375296881218523,0.04458219995567914,0.9990610200686455,"pi1: u^0.8891 * rho^0.8891 * D^1.0000 * k_s^-0.1109 * mu^-0.8891
pi2: u^0.0031 * rho^0.0031 * D^1.0000 * k_s^-0.9969 * mu^-0.0031"
2,0,34,2800,505.11034893989563,0.0018163663084773349,0.9876247031187815,0.9876247031187815,0.012375296881218523,0.04458219995567914,0.9990610200686455,"pi1: u^0.8891 * rho^0.8891 * D^1.0000 * k_s^-0.1109 * mu^-0.8891
pi2: u^0.0031 * rho^0.0031 * D^1.0000 * k_s^-0.9969 * mu^-0.0031"
2,0,35,2880,517.6568651199341,0.00190344924067473,0.9876247031187815,0.9876247031187815,0.012375296881218523,0.04458219995567914,0.9990610200686455,"pi1: u^0.8891 * rho^0.8891 * D^1.0000 * k_s^-0.1109 * mu^-0.8891
pi2: u^0.0031 * rho^0.0031 * D^1.0000 * k_s^-0.9969 * mu^-0.0031"
2,0,36,2960,530.400408744812,0.0019063259180049006,0.9876247031187815,0.9876247031187815,0.012375296881218523,0.04458219995567914,0.9990610200686455,"pi1: u^0.8891 * rho^0.8891 * D^1.0000 * k_s^-0.1109 * mu^-0.8891
pi2: u^0.0031 * rho^0.0031 * D^1.0000 * k_s^-0.9969 * mu^-0.0031"
2,0,37,3040,543.163332939148,0.0022006540065354257,0.9876247031187815,0.9876247031187815,0.012375296881218523,0.04458219995567914,0.9990610200686455,"pi1: u^0.8891 * rho^0.8891 * D^1.0000 * k_s^-0.1109 * mu^-0.8891
pi2: u^0.0031 * rho^0.0031 * D^1.0000 * k_s^-0.9969 * mu^-0.0031"
2,0,38,3120,555.4350769519806,0.00289777005410293,0.9876256962869719,0.9876256962869719,0.012374303713028056,0.044576146160414686,0.9990612832147402,"pi1: u^0.9010 * rho^0.9010 * D^1.0000 * k_s^-0.0990 * mu^-0.9010
pi2: u^0.0032 * rho^0.0032 * D^1.0000 * k_s^-0.9968 * mu^-0.0032"
2,0,39,3200,567.6365849971771,0.0028885610640087198,0.9876256962869719,0.9876256962869719,0.012374303713028056,0.044576146160414686,0.9990612832147402,"pi1: u^0.9010 * rho^0.9010 * D^1.0000 * k_s^-0.0990 * mu^-0.9010
pi2: u^0.0032 * rho^0.0032 * D^1.0000 * k_s^-0.9968 * mu^-0.0032"
2,0,40,3280,579.7998299598694,0.00573521134000126,0.9876256962869719,0.9876256962869719,0.012374303713028056,0.044576146160414686,0.9990612832147402,"pi1: u^0.9010 * rho^0.9010 * D^1.0000 * k_s^-0.0990 * mu^-0.9010
pi2: u^0.0032 * rho^0.0032 * D^1.0000 * k_s^-0.9968 * mu^-0.0032"
2,0,41,3360,591.9317541122437,0.008807492231981623,0.9876265192573869,0.9876265192573869,0.01237348074261313,0.044580710966967495,0.9990610676117541,"pi1: u^0.8929 * rho^0.8929 * D^1.0000 * k_s^-0.1071 * mu^-0.8929
pi2: u^0.0032 * rho^0.0032 * D^1.0000 * k_s^-0.9968 * mu^-0.0032"
2,0,42,3440,604.2177510261536,0.01097776472528299,0.9876265192573869,0.9876265192573869,0.01237348074261313,0.044580710966967495,0.9990610676117541,"pi1: u^0.8929 * rho^0.8929 * D^1.0000 * k_s^-0.1071 * mu^-0.8929
pi2: u^0.0032 * rho^0.0032 * D^1.0000 * k_s^-0.9968 * mu^-0.0032"
2,0,43,3520,616.5600199699402,0.012142847220247912,0.9876265192573869,0.9876265192573869,0.01237348074261313,0.044580710966967495,0.9990610676117541,"pi1: u^0.8929 * rho^0.8929 * D^1.0000 * k_s^-0.1071 * mu^-0.8929
pi2: u^0.0032 * rho^0.0032 * D^1.0000 * k_s^-0.9968 * mu^-0.0032"
2,0,44,3600,629.0536930561066,0.01550299021918509,0.9876265192573869,0.9876265192573869,0.01237348074261313,0.044580710966967495,0.9990610676117541,"pi1: u^0.8929 * rho^0.8929 * D^1.0000 * k_s^-0.1071 * mu^-0.8929
pi2: u^0.0032 * rho^0.0032 * D^1.0000 * k_s^-0.9968 * mu^-0.0032"
2,0,45,3680,641.6303670406342,0.015616672087960222,0.9876265192573869,0.9876265192573869,0.01237348074261313,0.044580710966967495,0.9990610676117541,"pi1: u^0.8929 * rho^0.8929 * D^1.0000 * k_s^-0.1071 * mu^-0.8929
pi2: u^0.0032 * rho^0.0032 * D^1.0000 * k_s^-0.9968 * mu^-0.0032"
2,0,46,3760,654.1380801200867,0.02122847813414064,0.9876265973420778,0.9876265973420778,0.012373402657922195,0.04457988968628506,0.9990611039852013,"pi1: u^0.8942 * rho^0.8942 * D^1.0000 * k_s^-0.1058 * mu^-0.8942
pi2: u^0.0032 * rho^0.0032 * D^1.0000 * k_s^-0.9968 * mu^-0.0032"
2,0,47,3840,666.5691001415253,0.021201582468950236,0.9876265973420778,0.9876265973420778,0.012373402657922195,0.04457988968628506,0.9990611039852013,"pi1: u^0.8942 * rho^0.8942 * D^1.0000 * k_s^-0.1058 * mu^-0.8942
pi2: u^0.0032 * rho^0.0032 * D^1.0000 * k_s^-0.9968 * mu^-0.0032"
2,0,48,3920,678.8303067684174,0.04425589389658163,0.9876265973420778,0.9876265973420778,0.012373402657922195,0.04457988968628506,0.9990611039852013,"pi1: u^0.8942 * rho^0.8942 * D^1.0000 * k_s^-0.1058 * mu^-0.8942
pi2: u^0.0032 * rho^0.0032 * D^1.0000 * k_s^-0.9968 * mu^-0.0032"
2,0,49,4000,691.3712677955627,0.04873060764778447,0.9876265973420778,0.9876265973420778,0.012373402657922195,0.04457988968628506,0.9990611039852013,"pi1: u^0.8942 * rho^0.8942 * D^1.0000 * k_s^-0.1058 * mu^-0.8942
pi2: u^0.0032 * rho^0.0032 * D^1.0000 * k_s^-0.9968 * mu^-0.0032"
2,0,50,4080,703.7541179656982,0.05239548592585095,0.9876265973420778,0.9876265973420778,0.012373402657922195,0.04457988968628506,0.9990611039852013,"pi1: u^0.8942 * rho^0.8942 * D^1.0000 * k_s^-0.1058 * mu^-0.8942
pi2: u^0.0032 * rho^0.0032 * D^1.0000 * k_s^-0.9968 * mu^-0.0032"
2,0,51,4160,716.2395598888397,0.059170755873975446,0.9876265973420778,0.9876265973420778,0.012373402657922195,0.04457988968628506,0.9990611039852013,"pi1: u^0.8942 * rho^0.8942 * D^1.0000 * k_s^-0.1058 * mu^-0.8942
pi2: u^0.0032 * rho^0.0032 * D^1.0000 * k_s^-0.9968 * mu^-0.0032"
2,0,52,4240,728.5942070484161,0.0654410866202158,0.9876266584339144,0.9876266584339144,0.012373341566085605,0.04457968287853864,0.9990611126782202,"pi1: u^0.8946 * rho^0.8946 * D^1.0000 * k_s^-0.1054 * mu^-0.8946
pi2: u^0.0032 * rho^0.0032 * D^1.0000 * k_s^-0.9968 * mu^-0.0032"
2,0,53,4320,741.2886869907379,0.07279443511208149,0.9876267961394796,0.9876267961394796,0.012373203860520432,0.04458015772438161,0.9990610896295102,"pi1: u^0.8941 * rho^0.8941 * D^1.0000 * k_s^-0.1059 * mu^-0.8941
pi2: u^0.0033 * rho^0.0033 * D^1.0000 * k_s^-0.9967 * mu^-0.0033"
2,0,54,4400,753.806254863739,0.11385810580929298,0.9876268081886707,0.9876268081886707,0.012373191811329343,0.04457966659115201,0.9990611117517884,"pi1: u^0.8949 * rho^0.8949 * D^1.0000 * k_s^-0.1051 * mu^-0.8949
pi2: u^0.0032 * rho^0.0032 * D^1.0000 * k_s^-0.9968 * mu^-0.0032"
2,0,55,4480,767.1585087776184,0.11338304018641349,0.9876268564058233,0.9876268564058233,0.012373143594176739,0.04457912165389299,0.9990611358917593,"pi1: u^0.8959 * rho^0.8959 * D^1.0000 * k_s^-0.1041 * mu^-0.8959
pi2: u^0.0033 * rho^0.0033 * D^1.0000 * k_s^-0.9967 * mu^-0.0033"
2,0,56,4560,780.5361979007721,0.11720110502183265,0.9876268564058233,0.9876268564058233,0.012373143594176739,0.04457912165389299,0.9990611358917593,"pi1: u^0.8959 * rho^0.8959 * D^1.0000 * k_s^-0.1041 * mu^-0.8959
pi2: u^0.0033 * rho^0.0033 * D^1.0000 * k_s^-0.9967 * mu^-0.0033"
2,0,57,4640,793.4204370975494,0.17485096462741637,0.9876268564058233,0.9876268564058233,0.012373143594176739,0.04457912165389299,0.9990611358917593,"pi1: u^0.8959 * rho^0.8959 * D^1.0000 * k_s^-0.1041 * mu^-0.8959
pi2: u^0.0033 * rho^0.0033 * D^1.0000 * k_s^-0.9967 * mu^-0.0033"
2,0,58,4720,806.2969789505005,0.23115263497612645,0.9876268564058233,0.9876268564058233,0.012373143594176739,0.04457912165389299,0.9990611358917593,"pi1: u^0.8959 * rho^0.8959 * D^1.0000 * k_s^-0.1041 * mu^-0.8959
pi2: u^0.0033 * rho^0.0033 * D^1.0000 * k_s^-0.9967 * mu^-0.0033"
2,0,59,4800,819.1091768741608,0.23799836124940915,0.9876268564058233,0.9876268564058233,0.012373143594176739,0.04457912165389299,0.9990611358917593,"pi1: u^0.8959 * rho^0.8959 * D^1.0000 * k_s^-0.1041 * mu^-0.8959
pi2: u^0.0033 * rho^0.0033 * D^1.0000 * k_s^-0.9967 * mu^-0.0033"
2,0,60,4880,832.3360369205475,0.23757537190019928,0.9876268564058233,0.9876268564058233,0.012373143594176739,0.04457912165389299,0.9990611358917593,"pi1: u^0.8959 * rho^0.8959 * D^1.0000 * k_s^-0.1041 * mu^-0.8959
pi2: u^0.0033 * rho^0.0033 * D^1.0000 * k_s^-0.9967 * mu^-0.0033"
2,0,61,4960,845.1101861000061,0.4189299542847689,0.9876268564058233,0.9876268564058233,0.012373143594176739,0.04457912165389299,0.9990611358917593,"pi1: u^0.8959 * rho^0.8959 * D^1.0000 * k_s^-0.1041 * mu^-0.8959
pi2: u^0.0033 * rho^0.0033 * D^1.0000 * k_s^-0.9967 * mu^-0.0033"
2,0,62,5040,857.843003988266,0.5168167255757488,0.9876268564058233,0.9876268564058233,0.012373143594176739,0.04457912165389299,0.9990611358917593,"pi1: u^0.8959 * rho^0.8959 * D^1.0000 * k_s^-0.1041 * mu^-0.8959
pi2: u^0.0033 * rho^0.0033 * D^1.0000 * k_s^-0.9967 * mu^-0.0033"
2,0,63,5120,870.5576219558716,0.5366074234088841,0.9876268593159642,0.9876268593159642,0.012373140684035833,0.04457940173023812,0.9990611231789115,"pi1: u^0.8954 * rho^0.8954 * D^1.0000 * k_s^-0.1046 * mu^-0.8954
pi2: u^0.0033 * rho^0.0033 * D^1.0000 * k_s^-0.9967 * mu^-0.0033"
2,0,64,5200,883.3389329910278,0.5934816336092577,0.9876268593159642,0.9876268593159642,0.012373140684035833,0.04457940173023812,0.9990611231789115,"pi1: u^0.8954 * rho^0.8954 * D^1.0000 * k_s^-0.1046 * mu^-0.8954
pi2: u^0.0033 * rho^0.0033 * D^1.0000 * k_s^-0.9967 * mu^-0.0033"
2,0,65,5280,896.1263251304626,0.6114395987696752,0.9876268593159642,0.9876268593159642,0.012373140684035833,0.04457940173023812,0.9990611231789115,"pi1: u^0.8954 * rho^0.8954 * D^1.0000 * k_s^-0.1046 * mu^-0.8954
pi2: u^0.0033 * rho^0.0033 * D^1.0000 * k_s^-0.9967 * mu^-0.0033"
2,0,66,5360,908.7054207324982,0.6665651540270938,0.9876268634401578,0.9876268634401578,0.01237313655984218,0.04457909889245921,0.9990611368432452,"pi1: u^0.8960 * rho^0.8960 * D^1.0000 * k_s^-0.1040 * mu^-0.8960
pi2: u^0.0033 * rho^0.0033 * D^1.0000 * k_s^-0.9967 * mu^-0.0033"
2,0,67,5440,921.4718317985535,0.7714118098341789,0.9876268634401578,0.9876268634401578,0.01237313655984218,0.04457909889245921,0.9990611368432452,"pi1: u^0.8960 * rho^0.8960 * D^1.0000 * k_s^-0.1040 * mu^-0.8960
pi2: u^0.0033 * rho^0.0033 * D^1.0000 * k_s^-0.9967 * mu^-0.0033"
2,0,68,5520,934.4855828285217,0.8689132926653831,0.9876268634401578,0.9876268634401578,0.01237313655984218,0.04457909889245921,0.9990611368432452,"pi1: u^0.8960 * rho^0.8960 * D^1.0000 * k_s^-0.1040 * mu^-0.8960
pi2: u^0.0033 * rho^0.0033 * D^1.0000 * k_s^-0.9967 * mu^-0.0033"
2,0,69,5600,947.1338031291962,2.297317438654054,0.9876268634401578,0.9876268634401578,0.01237313655984218,0.04457909889245921,0.9990611368432452,"pi1: u^0.8960 * rho^0.8960 * D^1.0000 * k_s^-0.1040 * mu^-0.8960
pi2: u^0.0033 * rho^0.0033 * D^1.0000 * k_s^-0.9967 * mu^-0.0033"
2,42,1,160,31.118900775909424,6.103360946341513e-06,0.9875248777258236,0.9875248777258236,0.012475122274176353,0.04449773594211752,0.9990659167997235,"pi1: u^1.0000 * rho^1.0000 * D^1.0000 * mu^-1.0000
pi2: D^1.0000 * k_s^-1.0000"
2,42,2,240,46.33169984817505,1.5685383946857522e-05,0.9875248777258236,0.9875248777258236,0.012475122274176353,0.04449773594211752,0.9990659167997235,"pi1: u^1.0000 * rho^1.0000 * D^1.0000 * mu^-1.0000
pi2: D^1.0000 * k_s^-1.0000"
2,42,3,320,61.209064960479736,2.1525337417678062e-05,0.9875248777258236,0.9875248777258236,0.012475122274176353,0.04449773594211752,0.9990659167997235,"pi1: u^1.0000 * rho^1.0000 * D^1.0000 * mu^-1.0000
pi2: D^1.0000 * k_s^-1.0000"
2,42,4,400,75.57263398170471,3.358821683679806e-05,0.9875248777258236,0.9875248777258236,0.012475122274176353,0.04449773594211752,0.9990659167997235,"pi1: u^1.0000 * rho^1.0000 * D^1.0000 * mu^-1.0000
pi2: D^1.0000 * k_s^-1.0000"
2,42,5,480,90.225821018219,3.51079773055353e-05,0.9875248777258236,0.9875248777258236,0.012475122274176353,0.04449773594211752,0.9990659167997235,"pi1: u^1.0000 * rho^1.0000 * D^1.0000 * mu^-1.0000
pi2: D^1.0000 * k_s^-1.0000"
2,42,6,560,105.09796905517578,3.631265955210567e-05,0.9875248777258236,0.9875248777258236,0.012475122274176353,0.04449773594211752,0.9990659167997235,"pi1: u^1.0000 * rho^1.0000 * D^1.0000 * mu^-1.0000
pi2: D^1.0000 * k_s^-1.0000"
2,42,7,640,119.71550297737122,8.677130976658867e-05,0.9875248777258236,0.9875248777258236,0.012475122274176353,0.04449773594211752,0.9990659167997235,"pi1: u^1.0000 * rho^1.0000 * D^1.0000 * mu^-1.0000
pi2: D^1.0000 * k_s^-1.0000"
2,42,8,720,134.62109398841858,9.472063938319701e-05,0.9875248777258236,0.9875248777258236,0.012475122274176353,0.04449773594211752,0.9990659167997235,"pi1: u^1.0000 * rho^1.0000 * D^1.0000 * mu^-1.0000
pi2: D^1.0000 * k_s^-1.0000"
2,42,9,800,150.58043003082275,9.391234444720702e-05,0.9875588437873193,0.9875588437873193,0.012441156212680715,0.04454219309613258,0.9990635630840842,"pi1: u^0.8740 * rho^0.8740 * D^1.0000 * k_s^-0.1260 * mu^-0.8740
pi2: u^0.0001 * rho^0.0001 * D^-0.9999 * k_s^1.0000 * mu^-0.0001"
2,42,10,880,166.15952801704407,9.733348455121856e-05,0.9875588437873193,0.9875588437873193,0.012441156212680715,0.04454219309613258,0.9990635630840842,"pi1: u^0.8740 * rho^0.8740 * D^1.0000 * k_s^-0.1260 * mu^-0.8740
pi2: u^0.0001 * rho^0.0001 * D^-0.9999 * k_s^1.0000 * mu^-0.0001"
2,42,11,960,181.26166486740112,0.00010036000013923289,0.9875588437873193,0.9875588437873193,0.012441156212680715,0.04454219309613258,0.9990635630840842,"pi1: u^0.8740 * rho^0.8740 * D^1.0000 * k_s^-0.1260 * mu^-0.8740
pi2: u^0.0001 * rho^0.0001 * D^-0.9999 * k_s^1.0000 * mu^-0.0001"
2,42,12,1040,196.26355814933777,0.00010196961307050127,0.9875588437873193,0.9875588437873193,0.012441156212680715,0.04454219309613258,0.9990635630840842,"pi1: u^0.8740 * rho^0.8740 * D^1.0000 * k_s^-0.1260 * mu^-0.8740
pi2: u^0.0001 * rho^0.0001 * D^-0.9999 * k_s^1.0000 * mu^-0.0001"
2,42,13,1120,210.756276845932,0.00011106861023525641,0.9875588437873193,0.9875588437873193,0.012441156212680715,0.04454219309613258,0.9990635630840842,"pi1: u^0.8740 * rho^0.8740 * D^1.0000 * k_s^-0.1260 * mu^-0.8740
pi2: u^0.0001 * rho^0.0001 * D^-0.9999 * k_s^1.0000 * mu^-0.0001"
2,42,14,1200,224.75254797935486,0.00011696052414140184,0.9875588437873193,0.9875588437873193,0.012441156212680715,0.04454219309613258,0.9990635630840842,"pi1: u^0.8740 * rho^0.8740 * D^1.0000 * k_s^-0.1260 * mu^-0.8740
pi2: u^0.0001 * rho^0.0001 * D^-0.9999 * k_s^1.0000 * mu^-0.0001"
2,42,15,1280,239.30041885375977,0.00011932447460307404,0.9875588437873193,0.9875588437873193,0.012441156212680715,0.04454219309613258,0.9990635630840842,"pi1: u^0.8740 * rho^0.8740 * D^1.0000 * k_s^-0.1260 * mu^-0.8740
pi2: u^0.0001 * rho^0.0001 * D^-0.9999 * k_s^1.0000 * mu^-0.0001"
2,42,16,1360,254.0814881324768,0.00012792662373280742,0.9875588437873193,0.9875588437873193,0.012441156212680715,0.04454219309613258,0.9990635630840842,"pi1: u^0.8740 * rho^0.8740 * D^1.0000 * k_s^-0.1260 * mu^-0.8740
pi2: u^0.0001 * rho^0.0001 * D^-0.9999 * k_s^1.0000 * mu^-0.0001"
2,42,17,1440,268.7573699951172,0.00012769184111853258,0.9875925853756519,0.9875925853756519,0.012407414624348134,0.04454958337715006,0.9990628526841246,"pi1: u^0.9040 * rho^0.9040 * D^1.0000 * k_s^-0.0960 * mu^-0.9040
pi2: u^0.0012 * rho^0.0012 * D^1.0000 * k_s^-0.9988 * mu^-0.0012"
2,42,18,1520,282.6530511379242,0.00013047352391580818,0.9875925853756519,0.9875925853756519,0.012407414624348134,0.04454958337715006,0.9990628526841246,"pi1: u^0.9040 * rho^0.9040 * D^1.0000 * k_s^-0.0960 * mu^-0.9040
pi2: u^0.0012 * rho^0.0012 * D^1.0000 * k_s^-0.9988 * mu^-0.0012"
2,42,19,1600,297.42627596855164,0.0001363019170427815,0.9875925853756519,0.9875925853756519,0.012407414624348134,0.04454958337715006,0.9990628526841246,"pi1: u^0.9040 * rho^0.9040 * D^1.0000 * k_s^-0.0960 * mu^-0.9040
pi2: u^0.0012 * rho^0.0012 * D^1.0000 * k_s^-0.9988 * mu^-0.0012"
2,42,20,1680,311.87556076049805,0.00014803832863186252,0.9875925853756519,0.9875925853756519,0.012407414624348134,0.04454958337715006,0.9990628526841246,"pi1: u^0.9040 * rho^0.9040 * D^1.0000 * k_s^-0.0960 * mu^-0.9040
pi2: u^0.0012 * rho^0.0012 * D^1.0000 * k_s^-0.9988 * mu^-0.0012"
2,42,21,1760,325.76014614105225,0.000165100602902167,0.9875925853756519,0.9875925853756519,0.012407414624348134,0.04454958337715006,0.9990628526841246,"pi1: u^0.9040 * rho^0.9040 * D^1.0000 * k_s^-0.0960 * mu^-0.9040
pi2: u^0.0012 * rho^0.0012 * D^1.0000 * k_s^-0.9988 * mu^-0.0012"
2,42,22,1840,339.69239115715027,0.00016890294173266835,0.987624619471467,0.987624619471467,0.012375380528533042,0.04457484570665704,0.9990613537598215,"pi1: u^0.9033 * rho^0.9033 * D^1.0000 * k_s^-0.0967 * mu^-0.9033
pi2: u^0.0032 * rho^0.0032 * D^1.0000 * k_s^-0.9968 * mu^-0.0032"
2,42,23,1920,354.1865429878235,0.00018170281178201585,0.987624619471467,0.987624619471467,0.012375380528533042,0.04457484570665704,0.9990613537598215,"pi1: u^0.9033 * rho^0.9033 * D^1.0000 * k_s^-0.0967 * mu^-0.9033
pi2: u^0.0032 * rho^0.0032 * D^1.0000 * k_s^-0.9968 * mu^-0.0032"
2,42,24,2000,368.46304297447205,0.00019134011806304783,0.987624619471467,0.987624619471467,0.012375380528533042,0.04457484570665704,0.9990613537598215,"pi1: u^0.9033 * rho^0.9033 * D^1.0000 * k_s^-0.0967 * mu^-0.9033
pi2: u^0.0032 * rho^0.0032 * D^1.0000 * k_s^-0.9968 * mu^-0.0032"
2,42,25,2080,383.04739809036255,0.00019063719957528643,0.987624619471467,0.987624619471467,0.012375380528533042,0.04457484570665704,0.9990613537598215,"pi1: u^0.9033 * rho^0.9033 * D^1.0000 * k_s^-0.0967 * mu^-0.9033
pi2: u^0.0032 * rho^0.0032 * D^1.0000 * k_s^-0.9968 * mu^-0.0032"
2,42,26,2160,397.0626139640808,0.00019221221862648528,0.987624619471467,0.987624619471467,0.012375380528533042,0.04457484570665704,0.9990613537598215,"pi1: u^0.9033 * rho^0.9033 * D^1.0000 * k_s^-0.0967 * mu^-0.9033
pi2: u^0.0032 * rho^0.0032 * D^1.0000 * k_s^-0.9968 * mu^-0.0032"
2,42,27,2240,410.6065049171448,0.00022721873467619442,0.987624619471467,0.987624619471467,0.012375380528533042,0.04457484570665704,0.9990613537598215,"pi1: u^0.9033 * rho^0.9033 * D^1.0000 * k_s^-0.0967 * mu^-0.9033
pi2: u^0.0032 * rho^0.0032 * D^1.0000 * k_s^-0.9968 * mu^-0.0032"
2,42,28,2320,424.52633905410767,0.0002588097498064495,0.987624619471467,0.987624619471467,0.012375380528533042,0.04457484570665704,0.9990613537598215,"pi1: u^0.9033 * rho^0.9033 * D^1.0000 * k_s^-0.0967 * mu^-0.9033
pi2: u^0.0032 * rho^0.0032 * D^1.0000 * k_s^-0.9968 * mu^-0.0032"
2,42,29,2400,437.40224981307983,0.00030050056107992025,0.987624619471467,0.987624619471467,0.012375380528533042,0.04457484570665704,0.9990613537598215,"pi1: u^0.9033 * rho^0.9033 * D^1.0000 * k_s^-0.0967 * mu^-0.9033
pi2: u^0.0032 * rho^0.0032 * D^1.0000 * k_s^-0.9968 * mu^-0.0032"
2,42,30,2480,451.70362091064453,0.0003129948364006894,0.987624619471467,0.987624619471467,0.012375380528533042,0.04457484570665704,0.9990613537598215,"pi1: u^0.9033 * rho^0.9033 * D^1.0000 * k_s^-0.0967 * mu^-0.9033
pi2: u^0.0032 * rho^0.0032 * D^1.0000 * k_s^-0.9968 * mu^-0.0032"
2,42,31,2560,465.1253590583801,0.0003475598286993124,0.987624619471467,0.987624619471467,0.012375380528533042,0.04457484570665704,0.9990613537598215,"pi1: u^0.9033 * rho^0.9033 * D^1.0000 * k_s^-0.0967 * mu^-0.9033
pi2: u^0.0032 * rho^0.0032 * D^1.0000 * k_s^-0.9968 * mu^-0.0032"
2,42,32,2640,478.4332630634308,0.0004879648090164528,0.9876250431192692,0.9876250431192692,0.012374956880730759,0.044578433898113855,0.9990611872193144,"pi1: u^0.8940 * rho^0.8940 * D^1.0000 * k_s^-0.1060 * mu^-0.8940
pi2: u^0.0031 * rho^0.0031 * D^1.0000 * k_s^-0.9969 * mu^-0.0031"
2,42,33,2720,491.29399490356445,0.0007587002239598226,0.9876258615637579,0.9876258615637579,0.012374138436242132,0.04458240331326358,0.9990609980661644,"pi1: u^0.8901 * rho^0.8901 * D^1.0000 * k_s^-0.1099 * mu^-0.8901
pi2: u^0.0032 * rho^0.0032 * D^1.0000 * k_s^-0.9968 * mu^-0.0032"
2,42,34,2800,504.5415530204773,0.0008981766469092625,0.9876258615637579,0.9876258615637579,0.012374138436242132,0.04458240331326358,0.9990609980661644,"pi1: u^0.8901 * rho^0.8901 * D^1.0000 * k_s^-0.1099 * mu^-0.8901
pi2: u^0.0032 * rho^0.0032 * D^1.0000 * k_s^-0.9968 * mu^-0.0032"
2,42,35,2880,517.6957578659058,0.0009400660195340954,0.9876258615637579,0.9876258615637579,0.012374138436242132,0.04458240331326358,0.9990609980661644,"pi1: u^0.8901 * rho^0.8901 * D^1.0000 * k_s^-0.1099 * mu^-0.8901
pi2: u^0.0032 * rho^0.0032 * D^1.0000 * k_s^-0.9968 * mu^-0.0032"
2,42,36,2960,530.8004529476166,0.0011355058209198382,0.9876258615637579,0.9876258615637579,0.012374138436242132,0.04458240331326358,0.9990609980661644,"pi1: u^0.8901 * rho^0.8901 * D^1.0000 * k_s^-0.1099 * mu^-0.8901
pi2: u^0.0032 * rho^0.0032 * D^1.0000 * k_s^-0.9968 * mu^-0.0032"
2,42,37,3040,544.3090767860413,0.0012173734935047502,0.9876258615637579,0.9876258615637579,0.012374138436242132,0.04458240331326358,0.9990609980661644,"pi1: u^0.8901 * rho^0.8901 * D^1.0000 * k_s^-0.1099 * mu^-0.8901
pi2: u^0.0032 * rho^0.0032 * D^1.0000 * k_s^-0.9968 * mu^-0.0032"
2,42,38,3120,557.554899930954,0.0014339772883186477,0.9876258615637579,0.9876258615637579,0.012374138436242132,0.04458240331326358,0.9990609980661644,"pi1: u^0.8901 * rho^0.8901 * D^1.0000 * k_s^-0.1099 * mu^-0.8901
pi2: u^0.0032 * rho^0.0032 * D^1.0000 * k_s^-0.9968 * mu^-0.0032"
2,42,39,3200,570.0512759685516,0.002164718650327435,0.9876258615637579,0.9876258615637579,0.012374138436242132,0.04458240331326358,0.9990609980661644,"pi1: u^0.8901 * rho^0.8901 * D^1.0000 * k_s^-0.1099 * mu^-0.8901
pi2: u^0.0032 * rho^0.0032 * D^1.0000 * k_s^-0.9968 * mu^-0.0032"
2,42,40,3280,582.4310839176178,0.0034277474985659638,0.9876258615637579,0.9876258615637579,0.012374138436242132,0.04458240331326358,0.9990609980661644,"pi1: u^0.8901 * rho^0.8901 * D^1.0000 * k_s^-0.1099 * mu^-0.8901
pi2: u^0.0032 * rho^0.0032 * D^1.0000 * k_s^-0.9968 * mu^-0.0032"
2,42,41,3360,595.6119039058685,0.0038790374123092893,0.9876258615637579,0.9876258615637579,0.012374138436242132,0.04458240331326358,0.9990609980661644,"pi1: u^0.8901 * rho^0.8901 * D^1.0000 * k_s^-0.1099 * mu^-0.8901
pi2: u^0.0032 * rho^0.0032 * D^1.0000 * k_s^-0.9968 * mu^-0.0032"
2,42,42,3440,609.2783079147339,0.003971847856465802,0.9876258615637579,0.9876258615637579,0.012374138436242132,0.04458240331326358,0.9990609980661644,"pi1: u^0.8901 * rho^0.8901 * D^1.0000 * k_s^-0.1099 * mu^-0.8901
pi2: u^0.0032 * rho^0.0032 * D^1.0000 * k_s^-0.9968 * mu^-0.0032"
2,42,43,3520,622.1441769599915,0.004908045748968423,0.9876259923564029,0.9876259923564029,0.012374007643597085,0.044579386554762575,0.9990611335050927,"pi1: u^0.8940 * rho^0.8940 * D^1.0000 * k_s^-0.1060 * mu^-0.8940
pi2: u^0.0032 * rho^0.0032 * D^1.0000 * k_s^-0.9968 * mu^-0.0032"
2,42,44,3600,634.9991819858551,0.006750440667957198,0.9876259923564029,0.9876259923564029,0.012374007643597085,0.044579386554762575,0.9990611335050927,"pi1: u^0.8940 * rho^0.8940 * D^1.0000 * k_s^-0.1060 * mu^-0.8940
pi2: u^0.0032 * rho^0.0032 * D^1.0000 * k_s^-0.9968 * mu^-0.0032"
2,42,45,3680,647.3138039112091,0.009031699199388824,0.9876259923564029,0.9876259923564029,0.012374007643597085,0.044579386554762575,0.9990611335050927,"pi1: u^0.8940 * rho^0.8940 * D^1.0000 * k_s^-0.1060 * mu^-0.8940
pi2: u^0.0032 * rho^0.0032 * D^1.0000 * k_s^-0.9968 * mu^-0.0032"
2,42,46,3760,660.0645627975464,0.009271210648436027,0.9876259923564029,0.9876259923564029,0.012374007643597085,0.044579386554762575,0.9990611335050927,"pi1: u^0.8940 * rho^0.8940 * D^1.0000 * k_s^-0.1060 * mu^-0.8940
pi2: u^0.0032 * rho^0.0032 * D^1.0000 * k_s^-0.9968 * mu^-0.0032"
2,42,47,3840,672.5451760292053,0.014226944237814178,0.9876259923564029,0.9876259923564029,0.012374007643597085,0.044579386554762575,0.9990611335050927,"pi1: u^0.8940 * rho^0.8940 * D^1.0000 * k_s^-0.1060 * mu^-0.8940
pi2: u^0.0032 * rho^0.0032 * D^1.0000 * k_s^-0.9968 * mu^-0.0032"
2,42,48,3920,685.4652400016785,0.014609666244850125,0.9876259923564029,0.9876259923564029,0.012374007643597085,0.044579386554762575,0.9990611335050927,"pi1: u^0.8940 * rho^0.8940 * D^1.0000 * k_s^-0.1060 * mu^-0.8940
pi2: u^0.0032 * rho^0.0032 * D^1.0000 * k_s^-0.9968 * mu^-0.0032"
2,42,49,4000,698.5033388137817,0.015663735199389146,0.9876261263540137,0.9876261263540137,0.0123738736459863,0.04458185759769974,0.999061019922387,"pi1: u^0.8910 * rho^0.8910 * D^1.0000 * k_s^-0.1090 * mu^-0.8910
pi2: u^0.0032 * rho^0.0032 * D^1.0000 * k_s^-0.9968 * mu^-0.0032"
2,42,50,4080,711.5156788825989,0.019014487250742607,0.9876261263540137,0.9876261263540137,0.0123738736459863,0.04458185759769974,0.999061019922387,"pi1: u^0.8910 * rho^0.8910 * D^1.0000 * k_s^-0.1090 * mu^-0.8910
pi2: u^0.0032 * rho^0.0032 * D^1.0000 * k_s^-0.9968 * mu^-0.0032"
2,42,51,4160,724.0167908668518,0.022053427707389658,0.987626783833175,0.987626783833175,0.012373216166824963,0.04457857565290667,0.9990611614011908,"pi1: u^0.8969 * rho^0.8969 * D^1.0000 * k_s^-0.1031 * mu^-0.8969
pi2: u^0.0033 * rho^0.0033 * D^1.0000 * k_s^-0.9967 * mu^-0.0033"
2,42,52,4240,736.5325949192047,0.026291724454348308,0.987626783833175,0.987626783833175,0.012373216166824963,0.04457857565290667,0.9990611614011908,"pi1: u^0.8969 * rho^0.8969 * D^1.0000 * k_s^-0.1031 * mu^-0.8969
pi2: u^0.0033 * rho^0.0033 * D^1.0000 * k_s^-0.9967 * mu^-0.0033"
2,42,53,4320,748.7779009342194,0.034010882122843346,0.9876268489084511,0.9876268489084511,0.012373151091548906,0.04457906065971229,0.9990611387358812,"pi1: u^0.8960 * rho^0.8960 * D^1.0000 * k_s^-0.1040 * mu^-0.8960
pi2: u^0.0033 * rho^0.0033 * D^1.0000 * k_s^-0.9967 * mu^-0.0033"
2,42,54,4400,760.9683010578156,0.0459121595064663,0.9876268489084511,0.9876268489084511,0.012373151091548906,0.04457906065971229,0.9990611387358812,"pi1: u^0.8960 * rho^0.8960 * D^1.0000 * k_s^-0.1040 * mu^-0.8960
pi2: u^0.0033 * rho^0.0033 * D^1.0000 * k_s^-0.9967 * mu^-0.0033"
2,42,55,4480,773.6379928588867,0.04670161414592406,0.9876268489084511,0.9876268489084511,0.012373151091548906,0.04457906065971229,0.9990611387358812,"pi1: u^0.8960 * rho^0.8960 * D^1.0000 * k_s^-0.1040 * mu^-0.8960
pi2: u^0.0033 * rho^0.0033 * D^1.0000 * k_s^-0.9967 * mu^-0.0033"
2,42,56,4560,785.9366030693054,0.0779250361709856,0.9876268489084511,0.9876268489084511,0.012373151091548906,0.04457906065971229,0.9990611387358812,"pi1: u^0.8960 * rho^0.8960 * D^1.0000 * k_s^-0.1040 * mu^-0.8960
pi2: u^0.0033 * rho^0.0033 * D^1.0000 * k_s^-0.9967 * mu^-0.0033"
2,42,57,4640,798.3281559944153,0.10229671623676263,0.9876268489084511,0.9876268489084511,0.012373151091548906,0.04457906065971229,0.9990611387358812,"pi1: u^0.8960 * rho^0.8960 * D^1.0000 * k_s^-0.1040 * mu^-0.8960
pi2: u^0.0033 * rho^0.0033 * D^1.0000 * k_s^-0.9967 * mu^-0.0033"
2,42,58,4720,811.8461737632751,0.10650847589999399,0.9876268489084511,0.9876268489084511,0.012373151091548906,0.04457906065971229,0.9990611387358812,"pi1: u^0.8960 * rho^0.8960 * D^1.0000 * k_s^-0.1040 * mu^-0.8960
pi2: u^0.0033 * rho^0.0033 * D^1.0000 * k_s^-0.9967 * mu^-0.0033"
2,42,59,4800,824.3441519737244,0.1242832387212401,0.9876268489084511,0.9876268489084511,0.012373151091548906,0.04457906065971229,0.9990611387358812,"pi1: u^0.8960 * rho^0.8960 * D^1.0000 * k_s^-0.1040 * mu^-0.8960
pi2: u^0.0033 * rho^0.0033 * D^1.0000 * k_s^-0.9967 * mu^-0.0033"
2,42,60,4880,837.6911919116974,0.12592300236272538,0.9876268489084511,0.9876268489084511,0.012373151091548906,0.04457906065971229,0.9990611387358812,"pi1: u^0.8960 * rho^0.8960 * D^1.0000 * k_s^-0.1040 * mu^-0.8960
pi2: u^0.0033 * rho^0.0033 * D^1.0000 * k_s^-0.9967 * mu^-0.0033"
2,42,61,4960,850.9753329753876,0.13418883141122828,0.9876268489084511,0.9876268489084511,0.012373151091548906,0.04457906065971229,0.9990611387358812,"pi1: u^0.8960 * rho^0.8960 * D^1.0000 * k_s^-0.1040 * mu^-0.8960
pi2: u^0.0033 * rho^0.0033 * D^1.0000 * k_s^-0.9967 * mu^-0.0033"
2,42,62,5040,863.7938969135284,0.17131486995997475,0.9876268489084511,0.9876268489084511,0.012373151091548906,0.04457906065971229,0.9990611387358812,"pi1: u^0.8960 * rho^0.8960 * D^1.0000 * k_s^-0.1040 * mu^-0.8960
pi2: u^0.0033 * rho^0.0033 * D^1.0000 * k_s^-0.9967 * mu^-0.0033"
2,42,63,5120,876.2967457771301,0.21865394488044304,0.9876268489084511,0.9876268489084511,0.012373151091548906,0.04457906065971229,0.9990611387358812,"pi1: u^0.8960 * rho^0.8960 * D^1.0000 * k_s^-0.1040 * mu^-0.8960
pi2: u^0.0033 * rho^0.0033 * D^1.0000 * k_s^-0.9967 * mu^-0.0033"
2,42,64,5200,889.1291618347168,0.21853763458860712,0.9876268489084511,0.9876268489084511,0.012373151091548906,0.04457906065971229,0.9990611387358812,"pi1: u^0.8960 * rho^0.8960 * D^1.0000 * k_s^-0.1040 * mu^-0.8960
pi2: u^0.0033 * rho^0.0033 * D^1.0000 * k_s^-0.9967 * mu^-0.0033"
2,42,65,5280,902.3622169494629,0.2869263279276728,0.9876268489084511,0.9876268489084511,0.012373151091548906,0.04457906065971229,0.9990611387358812,"pi1: u^0.8960 * rho^0.8960 * D^1.0000 * k_s^-0.1040 * mu^-0.8960
pi2: u^0.0033 * rho^0.0033 * D^1.0000 * k_s^-0.9967 * mu^-0.0033"
2,42,66,5360,915.0869710445404,0.2896592785567667,0.9876268489084511,0.9876268489084511,0.012373151091548906,0.04457906065971229,0.9990611387358812,"pi1: u^0.8960 * rho^0.8960 * D^1.0000 * k_s^-0.1040 * mu^-0.8960
pi2: u^0.0033 * rho^0.0033 * D^1.0000 * k_s^-0.9967 * mu^-0.0033"
2,42,67,5440,927.501396894455,0.3142922228700947,0.9876268489084511,0.9876268489084511,0.012373151091548906,0.04457906065971229,0.9990611387358812,"pi1: u^0.8960 * rho^0.8960 * D^1.0000 * k_s^-0.1040 * mu^-0.8960
pi2: u^0.0033 * rho^0.0033 * D^1.0000 * k_s^-0.9967 * mu^-0.0033"
2,42,68,5520,940.4797148704529,0.3806411756536442,0.9876268489084511,0.9876268489084511,0.012373151091548906,0.04457906065971229,0.9990611387358812,"pi1: u^0.8960 * rho^0.8960 * D^1.0000 * k_s^-0.1040 * mu^-0.8960
pi2: u^0.0033 * rho^0.0033 * D^1.0000 * k_s^-0.9967 * mu^-0.0033"
2,42,69,5600,953.4672718048096,0.37763196101961377,0.987626857214922,0.987626857214922,0.01237314278507795,0.044578981963322425,0.9990611422043156,"pi1: u^0.8962 * rho^0.8962 * D^1.0000 * k_s^-0.1038 * mu^-0.8962
pi2: u^0.0033 * rho^0.0033 * D^1.0000 * k_s^-0.9967 * mu^-0.0033"
2,42,70,5680,967.1508300304413,0.39584972983538086,0.987626857214922,0.987626857214922,0.01237314278507795,0.044578981963322425,0.9990611422043156,"pi1: u^0.8962 * rho^0.8962 * D^1.0000 * k_s^-0.1038 * mu^-0.8962
pi2: u^0.0033 * rho^0.0033 * D^1.0000 * k_s^-0.9967 * mu^-0.0033"
2,42,71,5760,980.3151321411133,0.49171874340370386,0.987626857214922,0.987626857214922,0.01237314278507795,0.044578981963322425,0.9990611422043156,"pi1: u^0.8962 * rho^0.8962 * D^1.0000 * k_s^-0.1038 * mu^-0.8962
pi2: u^0.0033 * rho^0.0033 * D^1.0000 * k_s^-0.9967 * mu^-0.0033"
2,42,72,5840,993.2416508197784,0.5173748890799267,0.987626857214922,0.987626857214922,0.01237314278507795,0.044578981963322425,0.9990611422043156,"pi1: u^0.8962 * rho^0.8962 * D^1.0000 * k_s^-0.1038 * mu^-0.8962
pi2: u^0.0033 * rho^0.0033 * D^1.0000 * k_s^-0.9967 * mu^-0.0033"
2,42,73,5920,1005.9990680217743,0.5323124092495547,0.987626857214922,0.987626857214922,0.01237314278507795,0.044578981963322425,0.9990611422043156,"pi1: u^0.8962 * rho^0.8962 * D^1.0000 * k_s^-0.1038 * mu^-0.8962
pi2: u^0.0033 * rho^0.0033 * D^1.0000 * k_s^-0.9967 * mu^-0.0033"
2,42,74,6000,1018.8162620067596,0.5568365908063145,0.987626857214922,0.987626857214922,0.01237314278507795,0.044578981963322425,0.9990611422043156,"pi1: u^0.8962 * rho^0.8962 * D^1.0000 * k_s^-0.1038 * mu^-0.8962
pi2: u^0.0033 * rho^0.0033 * D^1.0000 * k_s^-0.9967 * mu^-0.0033"
2,42,75,6080,1031.9826068878174,0.7831607247582173,0.987626857214922,0.987626857214922,0.01237314278507795,0.044578981963322425,0.9990611422043156,"pi1: u^0.8962 * rho^0.8962 * D^1.0000 * k_s^-0.1038 * mu^-0.8962
pi2: u^0.0033 * rho^0.0033 * D^1.0000 * k_s^-0.9967 * mu^-0.0033"
2,42,76,6160,1044.4458758831024,0.7832541210666709,0.9876268593730729,0.9876268593730729,0.01237314062692707,0.044579011399327,0.9990611408479878,"pi1: u^0.8961 * rho^0.8961 * D^1.0000 * k_s^-0.1039 * mu^-0.8961
pi2: u^0.0033 * rho^0.0033 * D^1.0000 * k_s^-0.9967 * mu^-0.0033"
2,42,77,6240,1057.7871301174164,0.8309111193428182,0.9876268593730729,0.9876268593730729,0.01237314062692707,0.044579011399327,0.9990611408479878,"pi1: u^0.8961 * rho^0.8961 * D^1.0000 * k_s^-0.1039 * mu^-0.8961
pi2: u^0.0033 * rho^0.0033 * D^1.0000 * k_s^-0.9967 * mu^-0.0033"
2,42,78,6320,1070.5675418376923,0.9656600242068111,0.9876268593730729,0.9876268593730729,0.01237314062692707,0.044579011399327,0.9990611408479878,"pi1: u^0.8961 * rho^0.8961 * D^1.0000 * k_s^-0.1039 * mu^-0.8961
pi2: u^0.0033 * rho^0.0033 * D^1.0000 * k_s^-0.9967 * mu^-0.0033"
2,42,79,6400,1082.9288430213928,1.1609888166498878,0.9876268653783421,0.9876268653783421,0.0123731346216579,0.04457920934005114,0.9990611318227813,"pi1: u^0.8958 * rho^0.8958 * D^1.0000 * k_s^-0.1042 * mu^-0.8958
pi2: u^0.0033 * rho^0.0033 * D^1.0000 * k_s^-0.9967 * mu^-0.0033"
2,4209,1,160,29.362372159957886,7.2615272869273934e-06,0.9875248777258236,0.9875248777258236,0.012475122274176353,0.04449773594211752,0.9990659167997235,"pi1: u^1.0000 * rho^1.0000 * D^1.0000 * mu^-1.0000
pi2: D^1.0000 * k_s^-1.0000"
2,4209,2,240,43.78084921836853,1.0878733887730224e-05,0.9875248777258236,0.9875248777258236,0.012475122274176353,0.04449773594211752,0.9990659167997235,"pi1: u^1.0000 * rho^1.0000 * D^1.0000 * mu^-1.0000
pi2: D^1.0000 * k_s^-1.0000"
2,4209,3,320,58.744232177734375,1.1956429354263003e-05,0.9875248777258236,0.9875248777258236,0.012475122274176353,0.04449773594211752,0.9990659167997235,"pi1: u^1.0000 * rho^1.0000 * D^1.0000 * mu^-1.0000
pi2: D^1.0000 * k_s^-1.0000"
2,4209,4,400,73.85845017433167,3.086003997031984e-05,0.9875248777258236,0.9875248777258236,0.012475122274176353,0.04449773594211752,0.9990659167997235,"pi1: u^1.0000 * rho^1.0000 * D^1.0000 * mu^-1.0000
pi2: D^1.0000 * k_s^-1.0000"
2,4209,5,480,88.75863409042358,3.589774826482887e-05,0.9875248777258236,0.9875248777258236,0.012475122274176353,0.04449773594211752,0.9990659167997235,"pi1: u^1.0000 * rho^1.0000 * D^1.0000 * mu^-1.0000
pi2: D^1.0000 * k_s^-1.0000"
2,4209,6,560,104.13880705833435,5.906563985718372e-05,0.9875248777258236,0.9875248777258236,0.012475122274176353,0.04449773594211752,0.9990659167997235,"pi1: u^1.0000 * rho^1.0000 * D^1.0000 * mu^-1.0000
pi2: D^1.0000 * k_s^-1.0000"
2,4209,7,640,118.45147323608398,7.188536566167078e-05,0.9875248777258236,0.9875248777258236,0.012475122274176353,0.04449773594211752,0.9990659167997235,"pi1: u^1.0000 * rho^1.0000 * D^1.0000 * mu^-1.0000
pi2: D^1.0000 * k_s^-1.0000"
2,4209,8,720,133.04307508468628,7.88070343238493e-05,0.9875248777258236,0.9875248777258236,0.012475122274176353,0.04449773594211752,0.9990659167997235,"pi1: u^1.0000 * rho^1.0000 * D^1.0000 * mu^-1.0000
pi2: D^1.0000 * k_s^-1.0000"
2,4209,9,800,146.71440815925598,8.615567820514591e-05,0.9875248777258236,0.9875248777258236,0.012475122274176353,0.04449773594211752,0.9990659167997235,"pi1: u^1.0000 * rho^1.0000 * D^1.0000 * mu^-1.0000
pi2: D^1.0000 * k_s^-1.0000"
2,4209,10,880,161.84233808517456,9.610849404481798e-05,0.9875248777258236,0.9875248777258236,0.012475122274176353,0.04449773594211752,0.9990659167997235,"pi1: u^1.0000 * rho^1.0000 * D^1.0000 * mu^-1.0000
pi2: D^1.0000 * k_s^-1.0000"
2,4209,11,960,176.65859723091125,0.00011003499105694178,0.9875248777258236,0.9875248777258236,0.012475122274176353,0.04449773594211752,0.9990659167997235,"pi1: u^1.0000 * rho^1.0000 * D^1.0000 * mu^-1.0000
pi2: D^1.0000 * k_s^-1.0000"
2,4209,12,1040,191.57351303100586,0.0001139738554661698,0.9875248777258236,0.9875248777258236,0.012475122274176353,0.04449773594211752,0.9990659167997235,"pi1: u^1.0000 * rho^1.0000 * D^1.0000 * mu^-1.0000
pi2: D^1.0000 * k_s^-1.0000"
2,4209,13,1120,205.72280597686768,0.00012167858223020136,0.9875248777258236,0.9875248777258236,0.012475122274176353,0.04449773594211752,0.9990659167997235,"pi1: u^1.0000 * rho^1.0000 * D^1.0000 * mu^-1.0000
pi2: D^1.0000 * k_s^-1.0000"
2,4209,14,1200,220.21123600006104,0.00012992930478814235,0.9875248777258236,0.9875248777258236,0.012475122274176353,0.04449773594211752,0.9990659167997235,"pi1: u^1.0000 * rho^1.0000 * D^1.0000 * mu^-1.0000
pi2: D^1.0000 * k_s^-1.0000"
2,4209,15,1280,235.22489023208618,0.00013873809069510094,0.9875248777258236,0.9875248777258236,0.012475122274176353,0.04449773594211752,0.9990659167997235,"pi1: u^1.0000 * rho^1.0000 * D^1.0000 * mu^-1.0000
pi2: D^1.0000 * k_s^-1.0000"
2,4209,16,1360,250.00872206687927,0.0001369721606476382,0.9875248777258236,0.9875248777258236,0.012475122274176353,0.04449773594211752,0.9990659167997235,"pi1: u^1.0000 * rho^1.0000 * D^1.0000 * mu^-1.0000
pi2: D^1.0000 * k_s^-1.0000"
2,4209,17,1440,263.75440216064453,0.00015519853639831295,0.9875653014136283,0.9875653014136283,0.012434698586371695,0.04453330843835104,0.9990638889458031,"pi1: u^0.9199 * rho^0.9199 * D^1.0000 * k_s^-0.0801 * mu^-0.9199
pi2: u^0.0045 * rho^0.0045 * D^1.0000 * k_s^-0.9955 * mu^-0.0045"
2,4209,18,1520,278.67728304862976,0.00017292657313297926,0.9876162719865451,0.9876162719865451,0.012383728013454887,0.04456822833034444,0.9990617449925147,"pi1: u^0.9082 * rho^0.9082 * D^1.0000 * k_s^-0.0918 * mu^-0.9082
pi2: u^0.0026 * rho^0.0026 * D^1.0000 * k_s^-0.9974 * mu^-0.0026"
2,4209,19,1600,293.16637206077576,0.00018398481437390042,0.9876162719865451,0.9876162719865451,0.012383728013454887,0.04456822833034444,0.9990617449925147,"pi1: u^0.9082 * rho^0.9082 * D^1.0000 * k_s^-0.0918 * mu^-0.9082
pi2: u^0.0026 * rho^0.0026 * D^1.0000 * k_s^-0.9974 * mu^-0.0026"
2,4209,20,1680,307.95883417129517,0.00019261587066672655,0.9876162719865451,0.9876162719865451,0.012383728013454887,0.04456822833034444,0.9990617449925147,"pi1: u^0.9082 * rho^0.9082 * D^1.0000 * k_s^-0.0918 * mu^-0.9082
pi2: u^0.0026 * rho^0.0026 * D^1.0000 * k_s^-0.9974 * mu^-0.0026"
2,4209,21,1760,322.3112282752991,0.00019264739128069003,0.9876162719865451,0.9876162719865451,0.012383728013454887,0.04456822833034444,0.9990617449925147,"pi1: u^0.9082 * rho^0.9082 * D^1.0000 * k_s^-0.0918 * mu^-0.9082
pi2: u^0.0026 * rho^0.0026 * D^1.0000 * k_s^-0.9974 * mu^-0.0026"
2,4209,22,1840,335.92194414138794,0.0002185960093141243,0.9876162719865451,0.9876162719865451,0.012383728013454887,0.04456822833034444,0.9990617449925147,"pi1: u^0.9082 * rho^0.9082 * D^1.0000 * k_s^-0.0918 * mu^-0.9082
pi2: u^0.0026 * rho^0.0026 * D^1.0000 * k_s^-0.9974 * mu^-0.0026"
2,4209,23,1920,348.72645902633667,0.000293378471018858,0.9876198294613461,0.9876198294613461,0.012380170538653923,0.044591259485413856,0.9990606615187975,"pi1: u^0.8794 * rho^0.8794 * D^1.0000 * k_s^-0.1206 * mu^-0.8794
pi2: u^0.0032 * rho^0.0032 * D^1.0000 * k_s^-0.9968 * mu^-0.0032"
2,4209,24,2000,362.46690821647644,0.00034441482700976506,0.9876198294613461,0.9876198294613461,0.012380170538653923,0.044591259485413856,0.9990606615187975,"pi1: u^0.8794 * rho^0.8794 * D^1.0000 * k_s^-0.1206 * mu^-0.8794
pi2: u^0.0032 * rho^0.0032 * D^1.0000 * k_s^-0.9968 * mu^-0.0032"
2,4209,25,2080,375.1847221851349,0.0006045649233625429,0.9876244722617747,0.9876244722617747,0.012375527738225256,0.04457527429924281,0.9990613364167339,"pi1: u^0.8998 * rho^0.8998 * D^1.0000 * k_s^-0.1002 * mu^-0.8998
pi2: u^0.0031 * rho^0.0031 * D^1.0000 * k_s^-0.9969 * mu^-0.0031"
2,4209,26,2160,387.5331130027771,0.0009486515437550811,0.9876244722617747,0.9876244722617747,0.012375527738225256,0.04457527429924281,0.9990613364167339,"pi1: u^0.8998 * rho^0.8998 * D^1.0000 * k_s^-0.1002 * mu^-0.8998
pi2: u^0.0031 * rho^0.0031 * D^1.0000 * k_s^-0.9969 * mu^-0.0031"
2,4209,27,2240,399.7504861354828,0.0019944370986314905,0.9876244722617747,0.9876244722617747,0.012375527738225256,0.04457527429924281,0.9990613364167339,"pi1: u^0.8998 * rho^0.8998 * D^1.0000 * k_s^-0.1002 * mu^-0.8998
pi2: u^0.0031 * rho^0.0031 * D^1.0000 * k_s^-0.9969 * mu^-0.0031"
2,4209,28,2320,412.0721230506897,0.0027797296414620214,0.9876244722617747,0.9876244722617747,0.012375527738225256,0.04457527429924281,0.9990613364167339,"pi1: u^0.8998 * rho^0.8998 * D^1.0000 * k_s^-0.1002 * mu^-0.8998
pi2: u^0.0031 * rho^0.0031 * D^1.0000 * k_s^-0.9969 * mu^-0.0031"
2,4209,29,2400,424.3723609447479,0.0031006763208098155,0.9876244722617747,0.9876244722617747,0.012375527738225256,0.04457527429924281,0.9990613364167339,"pi1: u^0.8998 * rho^0.8998 * D^1.0000 * k_s^-0.1002 * mu^-0.8998
pi2: u^0.0031 * rho^0.0031 * D^1.0000 * k_s^-0.9969 * mu^-0.0031"
2,4209,30,2480,436.7871470451355,0.003163208206963065,0.9876244722617747,0.9876244722617747,0.012375527738225256,0.04457527429924281,0.9990613364167339,"pi1: u^0.8998 * rho^0.8998 * D^1.0000 * k_s^-0.1002 * mu^-0.8998
pi2: u^0.0031 * rho^0.0031 * D^1.0000 * k_s^-0.9969 * mu^-0.0031"
2,4209,31,2560,448.977098941803,0.0036883495012271054,0.9876244722617747,0.9876244722617747,0.012375527738225256,0.04457527429924281,0.9990613364167339,"pi1: u^0.8998 * rho^0.8998 * D^1.0000 * k_s^-0.1002 * mu^-0.8998
pi2: u^0.0031 * rho^0.0031 * D^1.0000 * k_s^-0.9969 * mu^-0.0031"
2,4209,32,2640,461.1303129196167,0.00462361592950928,0.9876244722617747,0.9876244722617747,0.012375527738225256,0.04457527429924281,0.9990613364167339,"pi1: u^0.8998 * rho^0.8998 * D^1.0000 * k_s^-0.1002 * mu^-0.8998
pi2: u^0.0031 * rho^0.0031 * D^1.0000 * k_s^-0.9969 * mu^-0.0031"
2,4209,33,2720,473.5120680332184,0.004723854945315415,0.9876250733924608,0.9876250733924608,0.01237492660753925,0.04457734947865391,0.9990612359911825,"pi1: u^0.8959 * rho^0.8959 * D^1.0000 * k_s^-0.1041 * mu^-0.8959
pi2: u^0.0031 * rho^0.0031 * D^1.0000 * k_s^-0.9969 * mu^-0.0031"
2,4209,34,2800,485.7880299091339,0.007914608419342632,0.9876265289720881,0.9876265289720881,0.012373471027911864,0.044577930628704805,0.9990611934138114,"pi1: u^0.8977 * rho^0.8977 * D^1.0000 * k_s^-0.1023 * mu^-0.8977
pi2: u^0.0032 * rho^0.0032 * D^1.0000 * k_s^-0.9968 * mu^-0.0032"
2,4209,35,2880,498.27628207206726,0.00996463144263223,0.9876265289720881,0.9876265289720881,0.012373471027911864,0.044577930628704805,0.9990611934138114,"pi1: u^0.8977 * rho^0.8977 * D^1.0000 * k_s^-0.1023 * mu^-0.8977
pi2: u^0.0032 * rho^0.0032 * D^1.0000 * k_s^-0.9968 * mu^-0.0032"
2,4209,36,2960,511.45799231529236,0.01013186234494001,0.9876265289720881,0.9876265289720881,0.012373471027911864,0.044577930628704805,0.9990611934138114,"pi1: u^0.8977 * rho^0.8977 * D^1.0000 * k_s^-0.1023 * mu^-0.8977
pi2: u^0.0032 * rho^0.0032 * D^1.0000 * k_s^-0.9968 * mu^-0.0032"
2,4209,37,3040,523.8095002174377,0.010153010806905182,0.9876265289720881,0.9876265289720881,0.012373471027911864,0.044577930628704805,0.9990611934138114,"pi1: u^0.8977 * rho^0.8977 * D^1.0000 * k_s^-0.1023 * mu^-0.8977
pi2: u^0.0032 * rho^0.0032 * D^1.0000 * k_s^-0.9968 * mu^-0.0032"
2,4209,38,3120,536.1101140975952,0.010833601005414466,0.9876265289720881,0.9876265289720881,0.012373471027911864,0.044577930628704805,0.9990611934138114,"pi1: u^0.8977 * rho^0.8977 * D^1.0000 * k_s^-0.1023 * mu^-0.8977
pi2: u^0.0032 * rho^0.0032 * D^1.0000 * k_s^-0.9968 * mu^-0.0032"
2,4209,39,3200,548.4148201942444,0.01165384778506589,0.9876265289720881,0.9876265289720881,0.012373471027911864,0.044577930628704805,0.9990611934138114,"pi1: u^0.8977 * rho^0.8977 * D^1.0000 * k_s^-0.1023 * mu^-0.8977
pi2: u^0.0032 * rho^0.0032 * D^1.0000 * k_s^-0.9968 * mu^-0.0032"
2,4209,40,3280,560.5637629032135,0.013415211418697953,0.9876265289720881,0.9876265289720881,0.012373471027911864,0.044577930628704805,0.9990611934138114,"pi1: u^0.8977 * rho^0.8977 * D^1.0000 * k_s^-0.1023 * mu^-0.8977
pi2: u^0.0032 * rho^0.0032 * D^1.0000 * k_s^-0.9968 * mu^-0.0032"
2,4209,41,3360,572.9169781208038,0.014666865525696862,0.9876265289720881,0.9876265289720881,0.012373471027911864,0.044577930628704805,0.9990611934138114,"pi1: u^0.8977 * rho^0.8977 * D^1.0000 * k_s^-0.1023 * mu^-0.8977
pi2: u^0.0032 * rho^0.0032 * D^1.0000 * k_s^-0.9968 * mu^-0.0032"
2,4209,42,3440,585.3190531730652,0.016455606554209738,0.9876265289720881,0.9876265289720881,0.012373471027911864,0.044577930628704805,0.9990611934138114,"pi1: u^0.8977 * rho^0.8977 * D^1.0000 * k_s^-0.1023 * mu^-0.8977
pi2: u^0.0032 * rho^0.0032 * D^1.0000 * k_s^-0.9968 * mu^-0.0032"
2,4209,43,3520,597.4950201511383,0.016506957063250453,0.9876265992959257,0.9876265992959257,0.012373400704074333,0.0445777576795864,0.9990612004282635,"pi1: u^0.8984 * rho^0.8984 * D^1.0000 * k_s^-0.1016 * mu^-0.8984
pi2: u^0.0032 * rho^0.0032 * D^1.0000 * k_s^-0.9968 * mu^-0.0032"
2,4209,44,3600,609.7916610240936,0.01844568286604671,0.9876265992959257,0.9876265992959257,0.012373400704074333,0.0445777576795864,0.9990612004282635,"pi1: u^0.8984 * rho^0.8984 * D^1.0000 * k_s^-0.1016 * mu^-0.8984
pi2: u^0.0032 * rho^0.0032 * D^1.0000 * k_s^-0.9968 * mu^-0.0032"
2,4209,45,3680,621.9636170864105,0.021250822481855832,0.9876265992959257,0.9876265992959257,0.012373400704074333,0.0445777576795864,0.9990612004282635,"pi1: u^0.8984 * rho^0.8984 * D^1.0000 * k_s^-0.1016 * mu^-0.8984
pi2: u^0.0032 * rho^0.0032 * D^1.0000 * k_s^-0.9968 * mu^-0.0032"
2,4209,46,3760,634.1614010334015,0.02733392606274147,0.9876265992959257,0.9876265992959257,0.012373400704074333,0.0445777576795864,0.9990612004282635,"pi1: u^0.8984 * rho^0.8984 * D^1.0000 * k_s^-0.1016 * mu^-0.8984
pi2: u^0.0032 * rho^0.0032 * D^1.0000 * k_s^-0.9968 * mu^-0.0032"
2,4209,47,3840,646.3958389759064,0.035146257908773036,0.9876265992959257,0.9876265992959257,0.012373400704074333,0.0445777576795864,0.9990612004282635,"pi1: u^0.8984 * rho^0.8984 * D^1.0000 * k_s^-0.1016 * mu^-0.8984
pi2: u^0.0032 * rho^0.0032 * D^1.0000 * k_s^-0.9968 * mu^-0.0032"
2,4209,48,3920,658.57741522789,0.04213346087093497,0.9876265992959257,0.9876265992959257,0.012373400704074333,0.0445777576795864,0.9990612004282635,"pi1: u^0.8984 * rho^0.8984 * D^1.0000 * k_s^-0.1016 * mu^-0.8984
pi2: u^0.0032 * rho^0.0032 * D^1.0000 * k_s^-0.9968 * mu^-0.0032"
2,4209,49,4000,670.7641971111298,0.04642093312119433,0.9876267027189887,0.9876267027189887,0.01237329728101133,0.04457988302052641,0.9990611031172648,"pi1: u^0.8944 * rho^0.8944 * D^1.0000 * k_s^-0.1056 * mu^-0.8944
pi2: u^0.0032 * rho^0.0032 * D^1.0000 * k_s^-0.9968 * mu^-0.0032"
2,4209,50,4080,682.962256193161,0.04824621067215471,0.9876267027189887,0.9876267027189887,0.01237329728101133,0.04457988302052641,0.9990611031172648,"pi1: u^0.8944 * rho^0.8944 * D^1.0000 * k_s^-0.1056 * mu^-0.8944
pi2: u^0.0032 * rho^0.0032 * D^1.0000 * k_s^-0.9968 * mu^-0.0032"
2,4209,51,4160,695.2065060138702,0.04813573463535651,0.9876267027189887,0.9876267027189887,0.01237329728101133,0.04457988302052641,0.9990611031172648,"pi1: u^0.8944 * rho^0.8944 * D^1.0000 * k_s^-0.1056 * mu^-0.8944
pi2: u^0.0032 * rho^0.0032 * D^1.0000 * k_s^-0.9968 * mu^-0.0032"
2,4209,52,4240,707.3734991550446,0.0870665282163151,0.9876267139074089,0.9876267139074089,0.01237328609259114,0.0445804946059992,0.9990610752679935,"pi1: u^0.8935 * rho^0.8935 * D^1.0000 * k_s^-0.1065 * mu^-0.8935
pi2: u^0.0032 * rho^0.0032 * D^1.0000 * k_s^-0.9968 * mu^-0.0032"
2,4209,53,4320,719.6936800479889,0.09117621636864605,0.9876267139074089,0.9876267139074089,0.01237328609259114,0.0445804946059992,0.9990610752679935,"pi1: u^0.8935 * rho^0.8935 * D^1.0000 * k_s^-0.1065 * mu^-0.8935
pi2: u^0.0032 * rho^0.0032 * D^1.0000 * k_s^-0.9968 * mu^-0.0032"
2,4209,54,4400,732.3962070941925,0.09585493411091404,0.9876268161916535,0.9876268161916535,0.01237318380834651,0.04457930551041764,0.9990611280163705,"pi1: u^0.8955 * rho^0.8955 * D^1.0000 * k_s^-0.1045 * mu^-0.8955
pi2: u^0.0032 * rho^0.0032 * D^1.0000 * k_s^-0.9968 * mu^-0.0032"
2,4209,55,4480,745.1049499511719,0.10816851300474999,0.9876268161916535,0.9876268161916535,0.01237318380834651,0.04457930551041764,0.9990611280163705,"pi1: u^0.8955 * rho^0.8955 * D^1.0000 * k_s^-0.1045 * mu^-0.8955
pi2: u^0.0032 * rho^0.0032 * D^1.0000 * k_s^-0.9968 * mu^-0.0032"
2,4209,56,4560,758.626394033432,0.11078053565299216,0.9876268161916535,0.9876268161916535,0.01237318380834651,0.04457930551041764,0.9990611280163705,"pi1: u^0.8955 * rho^0.8955 * D^1.0000 * k_s^-0.1045 * mu^-0.8955
pi2: u^0.0032 * rho^0.0032 * D^1.0000 * k_s^-0.9968 * mu^-0.0032"
2,4209,57,4640,771.2066140174866,0.13574566661565549,0.9876268161916535,0.9876268161916535,0.01237318380834651,0.04457930551041764,0.9990611280163705,"pi1: u^0.8955 * rho^0.8955 * D^1.0000 * k_s^-0.1045 * mu^-0.8955
pi2: u^0.0032 * rho^0.0032 * D^1.0000 * k_s^-0.9968 * mu^-0.0032"
2,4209,58,4720,784.0063071250916,0.15850860614174625,0.9876268161916535,0.9876268161916535,0.01237318380834651,0.04457930551041764,0.9990611280163705,"pi1: u^0.8955 * rho^0.8955 * D^1.0000 * k_s^-0.1045 * mu^-0.8955
pi2: u^0.0032 * rho^0.0032 * D^1.0000 * k_s^-0.9968 * mu^-0.0032"
2,4209,59,4800,797.2558341026306,0.15846329069831272,0.9876268161916535,0.9876268161916535,0.01237318380834651,0.04457930551041764,0.9990611280163705,"pi1: u^0.8955 * rho^0.8955 * D^1.0000 * k_s^-0.1045 * mu^-0.8955
pi2: u^0.0032 * rho^0.0032 * D^1.0000 * k_s^-0.9968 * mu^-0.0032"
2,4209,60,4880,810.463476896286,0.1663643707885265,0.9876268161916535,0.9876268161916535,0.01237318380834651,0.04457930551041764,0.9990611280163705,"pi1: u^0.8955 * rho^0.8955 * D^1.0000 * k_s^-0.1045 * mu^-0.8955
pi2: u^0.0032 * rho^0.0032 * D^1.0000 * k_s^-0.9968 * mu^-0.0032"
2,4209,61,4960,823.3011219501495,0.17687827298652561,0.9876268161916535,0.9876268161916535,0.01237318380834651,0.04457930551041764,0.9990611280163705,"pi1: u^0.8955 * rho^0.8955 * D^1.0000 * k_s^-0.1045 * mu^-0.8955
pi2: u^0.0032 * rho^0.0032 * D^1.0000 * k_s^-0.9968 * mu^-0.0032"
2,4209,62,5040,836.4720649719238,0.17935122355566482,0.9876268161916535,0.9876268161916535,0.01237318380834651,0.04457930551041764,0.9990611280163705,"pi1: u^0.8955 * rho^0.8955 * D^1.0000 * k_s^-0.1045 * mu^-0.8955
pi2: u^0.0032 * rho^0.0032 * D^1.0000 * k_s^-0.9968 * mu^-0.0032"
2,4209,63,5120,850.0741009712219,0.19124915029517234,0.9876268161916535,0.9876268161916535,0.01237318380834651,0.04457930551041764,0.9990611280163705,"pi1: u^0.8955 * rho^0.8955 * D^1.0000 * k_s^-0.1045 * mu^-0.8955
pi2: u^0.0032 * rho^0.0032 * D^1.0000 * k_s^-0.9968 * mu^-0.0032"
2,4209,64,5200,862.811044216156,0.2026251647676369,0.9876268161916535,0.9876268161916535,0.01237318380834651,0.04457930551041764,0.9990611280163705,"pi1: u^0.8955 * rho^0.8955 * D^1.0000 * k_s^-0.1045 * mu^-0.8955
pi2: u^0.0032 * rho^0.0032 * D^1.0000 * k_s^-0.9968 * mu^-0.0032"
2,4209,65,5280,875.0293660163879,0.2313858606271283,0.9876268577683747,0.9876268577683747,0.012373142231625334,0.04457930159276492,0.9990611277306118,"pi1: u^0.8956 * rho^0.8956 * D^1.0000 * k_s^-0.1044 * mu^-0.8956
pi2: u^0.0033 * rho^0.0033 * D^1.0000 * k_s^-0.9967 * mu^-0.0033"
2,4209,66,5360,887.8062672615051,0.24510201805132087,0.9876268577683747,0.9876268577683747,0.012373142231625334,0.04457930159276492,0.9990611277306118,"pi1: u^0.8956 * rho^0.8956 * D^1.0000 * k_s^-0.1044 * mu^-0.8956
pi2: u^0.0033 * rho^0.0033 * D^1.0000 * k_s^-0.9967 * mu^-0.0033"
2,4209,67,5440,900.222589969635,0.24334477995051387,0.9876268577683747,0.9876268577683747,0.012373142231625334,0.04457930159276492,0.9990611277306118,"pi1: u^0.8956 * rho^0.8956 * D^1.0000 * k_s^-0.1044 * mu^-0.8956
pi2: u^0.0033 * rho^0.0033 * D^1.0000 * k_s^-0.9967 * mu^-0.0033"
2,4209,68,5520,913.2121641635895,0.2590189546471548,0.9876268577683747,0.9876268577683747,0.012373142231625334,0.04457930159276492,0.9990611277306118,"pi1: u^0.8956 * rho^0.8956 * D^1.0000 * k_s^-0.1044 * mu^-0.8956
pi2: u^0.0033 * rho^0.0033 * D^1.0000 * k_s^-0.9967 * mu^-0.0033"
2,4209,69,5600,925.4670541286469,0.30711841064012313,0.9876268577683747,0.9876268577683747,0.012373142231625334,0.04457930159276492,0.9990611277306118,"pi1: u^0.8956 * rho^0.8956 * D^1.0000 * k_s^-0.1044 * mu^-0.8956
pi2: u^0.0033 * rho^0.0033 * D^1.0000 * k_s^-0.9967 * mu^-0.0033"
2,4209,70,5680,937.7790040969849,0.3383274787110289,0.9876268577683747,0.9876268577683747,0.012373142231625334,0.04457930159276492,0.9990611277306118,"pi1: u^0.8956 * rho^0.8956 * D^1.0000 * k_s^-0.1044 * mu^-0.8956
pi2: u^0.0033 * rho^0.0033 * D^1.0000 * k_s^-0.9967 * mu^-0.0033"
2,4209,71,5760,950.1230421066284,0.337711410587295,0.9876268577683747,0.9876268577683747,0.012373142231625334,0.04457930159276492,0.9990611277306118,"pi1: u^0.8956 * rho^0.8956 * D^1.0000 * k_s^-0.1044 * mu^-0.8956
pi2: u^0.0033 * rho^0.0033 * D^1.0000 * k_s^-0.9967 * mu^-0.0033"
2,4209,72,5840,962.6333529949188,0.8923698976544172,0.9876268577683747,0.9876268577683747,0.012373142231625334,0.04457930159276492,0.9990611277306118,"pi1: u^0.8956 * rho^0.8956 * D^1.0000 * k_s^-0.1044 * mu^-0.8956
pi2: u^0.0033 * rho^0.0033 * D^1.0000 * k_s^-0.9967 * mu^-0.0033"
2,4209,73,5920,974.9416420459747,0.9771996957549853,0.9876268577683747,0.9876268577683747,0.012373142231625334,0.04457930159276492,0.9990611277306118,"pi1: u^0.8956 * rho^0.8956 * D^1.0000 * k_s^-0.1044 * mu^-0.8956
pi2: u^0.0033 * rho^0.0033 * D^1.0000 * k_s^-0.9967 * mu^-0.0033"
2,4209,74,6000,987.442301273346,0.9892873380057843,0.9876268577683747,0.9876268577683747,0.012373142231625334,0.04457930159276492,0.9990611277306118,"pi1: u^0.8956 * rho^0.8956 * D^1.0000 * k_s^-0.1044 * mu^-0.8956
pi2: u^0.0033 * rho^0.0033 * D^1.0000 * k_s^-0.9967 * mu^-0.0033"
2,4209,75,6080,1000.5943422317505,1.1245830978036997,0.9876268577683747,0.9876268577683747,0.012373142231625334,0.04457930159276492,0.9990611277306118,"pi1: u^0.8956 * rho^0.8956 * D^1.0000 * k_s^-0.1044 * mu^-0.8956
pi2: u^0.0033 * rho^0.0033 * D^1.0000 * k_s^-0.9967 * mu^-0.0033"
