u,rho,D,k_s,mu,Re,relative_roughness,Cf
0.001244550199334,200.0,8.655841438063689,8.196089875906316e-06,0.001,2154.525837429171,9.468853992477684e-07,0.4100023108625485
0.0783070040548399,200.0,1.988889945630095,1.4683274381750754e-05,0.001,31148.802607417252,7.3826480012190844e-06,0.2843489494243654
0.0040053477464137,200.0,1.584868520406503,0.0027208288249671,0.001,1269.5899113144658,0.0017167536549147,0.4547952628545605
0.0006764236217387,200.0,8.218686458823822,0.0614516863202892,0.001,1111.862732082555,0.0074770690703637,0.4831504846495637
0.031896467668437,200.0,4.503228369183641,1.0549547445765833e-07,0.001,28727.415616250888,2.3426632142305248e-08,0.2868291450387558
0.0015552619956734,200.0,8.1800191006539,0.0014611437342814,0.001,2544.4145662259675,0.0001786235113026,0.4001113646455399
0.0237932982802352,200.0,7.563716784231032,1.751940263900797e-07,0.001,35993.15391088619,2.316242548310736e-08,0.2794352568812281
0.0014644053160235,200.0,3.418162237882219,6.545025087973438e-05,0.001,1001.1149904371442,1.9147789462528612e-05,0.4684289298567599
0.011338755131778,200.0,5.171531507605251,0.0060671842890417,0.001,11727.745884202152,0.0011731890795056,0.3359633967625686
0.0098426943887764,200.0,5.370539229047098,1.75562324941611e-07,0.001,10572.115266889185,3.2689887822076535e-08,0.3247562663835244
0.0253423441121951,200.0,8.086576410758896,5.490025566625464e-07,0.001,40986.56041820239,6.789060398070541e-08,0.2753425070073342
0.0380913225540343,200.0,3.5573219295138405,1.9696540212343765e-07,0.001,27100.61940913032,5.536901242737842e-08,0.2888038170478196
0.0011814578500284,200.0,5.6358023634128624,8.812770907111612e-05,0.001,1331.6925886925544,1.5637118441773885e-05,0.4449341566534738
0.0034046033486998,200.0,1.9612493922830505,0.0085086723972174,0.001,1335.455249720476,0.0043383938986528,0.4601863880686407
0.1385781204224844,200.0,3.4988113488196553,3.408016499406726e-05,0.001,96971.74008645704,9.740498013865312e-06,0.2515522321108198
0.0009422885114303,200.0,8.705212930271758,0.0272212803077122,0.001,1640.5644267499704,0.0031270091295587,0.4417573027487311
0.0602125608240612,200.0,4.978510252239526,0.0060776883978235,0.001,59953.770275236966,0.0012207845499744,0.3015165819102797
0.0019878206770737,200.0,7.662887518024527,1.267555384041162e-06,0.001,3046.489250883899,1.65414849305779e-07,0.3879743291995521
0.1225842749431866,200.0,2.0027068664912298,0.1493492144340942,0.001,49100.073830513735,0.0745736767237215,0.5907514440070786
0.0293386335985322,200.0,6.463497561313924,0.6631428879529084,0.001,37926.03734327912,0.1025981493242959,0.6432997955729156
0.0639978727460028,200.0,2.478932532298644,0.0075794586593707,0.001,31729.281749595033,0.003057549392981,0.3379304483199375
0.0205701252888648,200.0,7.575043656563642,0.2098874407565079,0.001,31163.91941682705,0.0277077532846486,0.4734330187062635
0.0013537477394894,200.0,5.114034994850026,8.733838533872144e-06,0.001,1384.622662789602,1.7078175144807105e-06,0.441846976030411
0.0074053584754859,200.0,6.574203546201206,8.85551838864898e-05,0.001,9736.86679008615,1.3470100714733716e-05,0.3284910273742978
0.0042131050014114,200.0,2.292845013808162,7.560651339233149e-05,0.001,1931.9993590272736,3.297497778393553e-05,0.4175862481269372
0.0037806110602626,200.0,7.969480927650714,0.0018565175557812,0.001,6025.901547925664,0.0002329533846225,0.3528527825676192
0.0118675536458989,200.0,3.757064623359258,1.3433006081050012e-06,0.001,8917.433193765031,3.575399261841635e-07,0.332204301859167
0.0362669984631559,200.0,7.452627575161262,2.167696665910939e-07,0.001,54056.88656296937,2.9086340945515895e-08,0.2669955800357028
0.0857966270663513,200.0,2.651149154403869,9.709305155359299e-08,0.001,45491.931059532304,3.6623006062224025e-08,0.2721380933621274
0.0103597371005051,200.0,5.207668656793482,2.1592081489447795e-05,0.001,10790.015638184212,4.146208776412954e-06,0.3239435026250745
0.0025744077951512,200.0,9.131732968412432,0.0008934129508449,0.001,4701.760907424075,9.78360793001013e-05,0.3641951036147587
0.0021992704534164,200.0,9.446134475190512,0.000343151202361,0.001,4154.920890057013,3.632715617825035e-05,0.3703659647634112
0.0519222812858335,200.0,6.405642119660994,0.0011621526709442,0.001,66519.11039068422,0.0001814264127209,0.2694501186343095
0.0949240841568376,200.0,2.0229905874621084,0.0155459716433722,0.001,38406.10575454874,0.0076846485296182,0.3787457676416386
0.0049454811062905,200.0,6.81310177198265,4.376623450127865e-07,0.001,6738.813217715031,6.423833954933339e-08,0.3451958116847367
0.0152738193529375,200.0,7.389087332890728,0.0245496699083855,0.001,22571.917021130434,0.003322422486348,0.3455367469653348
0.0495100197882107,200.0,8.610645994210104,1.2335409653241358,0.001,85262.65071252405,0.1432576564120256,0.7085665518210037
0.0047306935289457,200.0,7.832893207361048,2.1944168875242063e-05,0.001,7411.003441797253,2.8015406688578097e-06,0.3407062085088264
0.0054649434452701,200.0,4.23692704090562,5.005196746704829e-07,0.001,4630.91333205698,1.181327102964463e-07,0.3642146145995056
0.0057614662868673,200.0,7.604853141053103,0.1200495003991725,0.001,8763.020997750877,0.0157859064695295,0.4367566077933956
0.0014951507480505,200.0,9.40538037010842,0.0090606633960847,0.001,2812.492299213436,0.0009633489598018,0.3983623914701775
0.0127525352176949,200.0,2.6810900045761135,0.0004731757856342,0.001,6838.138941033376,0.000176486348771,0.346300579088424
0.0104726047885995,200.0,8.97407828962005,0.003773532397418,0.001,18796.395053828393,0.0004204924757323,0.309917777333365
0.0059972778330171,200.0,8.419661086265938,1.1339544776738761e-07,0.001,10099.00935883592,1.3467934944834902e-08,0.3267263464604508
0.1090617095048624,200.0,3.846332945922191,1.5536168811813705e-06,0.001,83897.52928142954,4.039215801191848e-07,0.2547324290175782
0.0033235316133833,200.0,2.2342370757855017,0.1174471843417401,0.001,1485.1115106332386,0.05256701968409,0.5782798241066457
0.0027997755414027,200.0,7.4810765803954755,1.0706751521387072e-05,0.001,4189.067046630494,1.4311779068596405e-06,0.3696548045904457
0.0146914955485953,200.0,8.494836010724265,2.484480817689891e-07,0.001,24960.36908752055,2.9246954438595045e-08,0.2916338657949053
0.0442305751139808,200.0,5.466111082848697,2.7666314578402487e-05,0.001,48353.84736626054,5.061425602054179e-06,0.2705008845019229
0.0049249855383791,200.0,4.012304840798599,0.0051246314136067,0.001,3952.108663300377,0.0012772288290504,0.381737863913993
0.0673949218482007,200.0,6.290954725888558,1.4984727975287762e-07,0.001,84795.6804203657,2.3819481506714013e-08,0.2544253238908589
0.0009095731633455,200.0,6.446456978114059,1.081790891933772e-06,0.001,1172.7048531908963,1.678116980546817e-07,0.4550592631885064
0.0014711630332756,200.0,7.454363799682406,4.3349903548237806e-06,0.001,2193.3168917362227,5.815372674739155e-07,0.4088076544796515
0.1087062482408607,200.0,2.5499583075175662,3.4601706894836886e-08,0.001,55439.28015616992,1.3569518683041651e-08,0.2662579712811216
0.0019609106194611,200.0,3.414535109054387,0.0390577267193195,0.001,1339.1196311735537,0.0114386660180325,0.4827971893831056
0.005079410886746,200.0,8.153344034711134,0.2202668634043531,0.001,8282.836890659617,0.0270155242397001,0.479065151877223
0.0259434690942231,200.0,1.2075046159453884,0.0011438758197782,0.001,6265.371736982191,0.0009473055462257,0.3575306277383346
0.0022579513019488,200.0,3.1371384404293714,6.332454841107812e-07,0.001,1416.7011651922326,2.018544913255759e-07,0.4400761351801091
0.0058069339940523,200.0,2.1279522216319458,0.0004456585149825,0.001,2471.375618702742,0.0002094306960711,0.402122110967374
0.0020863908038464,200.0,9.822419845071618,0.0021612373661458,0.001,4098.681287255286,0.0002200310514348,0.3724669291909385
0.0157806956976083,200.0,7.595798281036569,0.8039020355995431,0.001,23973.396250690996,0.1058350953851077,0.6495004205478491
0.0660609472655565,200.0,4.551610377005712,0.0001235325893027,0.001,60136.73861774683,2.7140413847120013e-05,0.2651824800047346
0.0029849763446019,200.0,8.05825972588741,0.6496535562868438,0.001,4810.742932086529,0.080619585169216,0.6112687273365207
0.0026086528667924,200.0,9.457194721100754,4.287006204305568e-06,0.001,4934.107624202693,4.53306327164911e-07,0.3608618008683741
0.0201458504422519,200.0,8.352019870650595,4.673765253545137e-05,0.001,33651.70864096861,5.595969988013289e-06,0.2817755442758781
0.0093474037316577,200.0,7.001965293979766,0.1062795618586693,0.001,13090.0393035769,0.0151785330827114,0.4293592153227906
0.1012992569860771,200.0,4.459139519452508,1.3932780372554843e-06,0.001,90341.50402355842,3.124544614891419e-07,0.2527670334325378
0.1031023014041719,200.0,1.2611189677798698,1.0933137445331788e-05,0.001,26004.853584511657,8.66939418457798e-06,0.2904403666751385
0.0096879966449543,200.0,6.6111286498504,8.132028570788912e-07,0.001,12809.718435822388,1.230051478573621e-07,0.3167397191517914
0.0230330862485717,200.0,3.632499839384,0.0015245911175966,0.001,16733.53641969091,0.0004197085161757,0.3137039063205837
0.0007072333982461,200.0,7.9926294600372065,4.162104822848186e-07,0.001,1130.5308987888063,5.2074287237492066e-08,0.458075466972499
0.0157759065547265,200.0,9.9285058786176,0.0101064609396185,0.001,31326.236193824847,0.0010179236496585,0.3078099796446237
0.0011093240731093,200.0,4.981842893698543,9.039931376893904e-07,0.001,1105.2956500857429,1.8145757643879889e-07,0.4599543063547031
0.0114765367793414,200.0,7.095881650520207,7.80130600460587e-07,0.001,16287.229348809802,1.0994132073826157e-07,0.3072333951321117
0.0053375346753564,200.0,8.808422778678354,0.0009225160569053,0.001,9403.052403279062,0.0001047311283852,0.3311760918866698
0.0034987229771901,200.0,2.3855274582250687,4.0249203930215387e-05,0.001,1669.259946161991,1.6872245084180446e-05,0.4278888960963237
0.0005942172179954,200.0,8.938808470308544,0.048220374135136,0.001,1062.31878028418,0.005394496849922,0.4802745841386672
0.0230311225250408,200.0,6.169797020282528,6.153610465282882e-05,0.001,28419.47022575173,9.973764850048656e-06,0.2874664451462917
0.014959695016769,200.0,6.689322736867,0.003687374831783,0.001,20014.04560245384,0.0005512329090448,0.3103275716316733
0.0045667070813887,200.0,9.307031549729496,0.218791120210805,0.001,8500.497376971614,0.0235081528457012,0.4669414318022555
0.0013035200119508,200.0,6.5399640267347205,0.081485137808364,0.001,1704.9947972575324,0.0124595697277937,0.4725225714438542
0.0022650215971704,200.0,9.620242674739629,7.46177034474926e-05,0.001,4358.011485661266,7.756322368397233e-06,0.3675442795757832
0.0017310868881806,200.0,5.526332577339558,1.8783464986955538e-07,0.001,1913.312372871586,3.3989023867249994e-08,0.4181081715419222
0.0012594371543806,200.0,4.628427888989132,0.0089343529179591,0.001,1165.8428099528653,0.0019303212953179,0.4621200065406934
0.0119247236460997,200.0,4.791475007344053,1.678102494676209e-07,0.001,11427.403063954322,3.5022670307246216e-08,0.321460477358282
0.0142064124603841,200.0,7.77696164848056,3.1128732010728037e-06,0.001,22096.544973380816,4.002685549672201e-07,0.2959361582188946
0.0310163870531386,200.0,2.197712914079967,0.0008443291868823,0.001,13633.022874957103,0.0003841853872146,0.3202719970422454
0.0019943993540675,200.0,2.941469813248052,1.353287256886963e-07,0.001,1173.2930991102323,4.6007178139034714e-08,0.4550177975944449
0.0405873972634777,200.0,3.650717440249422,4.4955822659372555e-07,0.001,29634.62380882196,1.2314243267290802e-07,0.2857899338111424
0.0530088887593847,200.0,2.4714161089657427,0.0032162919531718,0.001,26201.404319663317,0.0013013963700826,0.3164849113514934
0.0109616507805313,200.0,4.301269330865567,0.0645731247658624,0.001,9429.80246359166,0.0150125741493309,0.4323884845099383
0.0182203272824928,200.0,9.676782515241086,5.05858516274044e-07,0.001,35262.82889383931,5.2275486761979907e-08,0.2800930730568705
0.0014038233962945,200.0,7.59840006485144,1.2707997479057094,0.001,2133.3623570888913,0.1672457013397011,0.7577925842233604
0.0109597584437923,200.0,7.816774674320202,0.199583779247621,0.001,17133.99244802053,0.0255327532854819,0.4683917994309494
0.0017569925411386,200.0,4.870712042938472,0.0033466281901585,0.001,1711.560945895442,0.0006870921870674,0.4289546663052569
0.0057702272432071,200.0,6.615601776884384,8.079380896022919e-08,0.001,7634.70512063755,1.2212616733149104e-08,0.3392855364863627
0.039874586973711,200.0,1.259483129930759,1.3646796941961505e-06,0.001,10044.273921269174,1.0835235992967805e-06,0.3269761145719952
0.0367471450962244,200.0,2.1755825155178177,0.0014080423304781,0.001,15989.289273308454,0.0006472024482799,0.3188640581837207
0.0174171180598918,200.0,4.672876461386573,0.1240983401585619,0.001,16277.608201451872,0.0265571626350546,0.4722148043878675
0.0223569021268733,200.0,7.362999085500828,2.17537607926422e-06,0.001,32922.769982959995,2.9544701201280293e-07,0.2823227983236347
0.012864860347746,200.0,2.579450904759595,3.6659029057766056e-05,0.001,6636.855132719886,1.421195068691671e-05,0.3460748662727367
0.0019966551886759,200.0,9.560999976704808,5.173310861983733e-06,0.001,3818.0040424836698,5.410847060546392e-07,0.3748112678087564
0.0039573279869291,200.0,7.857049952440679,2.396967107536281e-05,0.001,6218.584734298791,3.050721482038813e-06,0.3491348924944874
0.0295118051123489,200.0,9.090488136370498,6.76334706663161e-05,0.001,53655.34285133732,7.440026283706222e-06,0.2675370561146727
0.0056755729584409,200.0,8.378355238500655,6.362161819435919e-07,0.001,9510.393285569306,7.593568950383224e-08,0.3293469303118317
0.0237069812244726,200.0,2.127732775817301,3.3558446694167546e-08,0.001,10088.424193399174,1.5771927318869792e-08,0.3267717807518943
0.0082639281397291,200.0,4.306788197955985,6.146249702212723e-05,0.001,7118.197636188353,1.427107491640697e-05,0.3427294073494988
0.0028356941634494,200.0,7.629745679893604,0.0213062680340185,0.001,4327.125058615654,0.002792526635608,0.3873133470905034
0.0022003920386889,200.0,3.624030254209607,0.0004546697658407,0.001,1594.857463866131,0.0001254597047893,0.4316790840397915
0.0056753457473787,200.0,2.071066141764839,0.0086750346455066,0.001,2350.8032840410356,0.0041886806367827,0.4245191902426156
0.0468224421021198,200.0,4.0667999737565985,0.0954230206815178,0.001,38083.50126242416,0.0234639080597252,0.4577372326634616
0.0209979794692031,200.0,2.823456118029839,0.2269879031494523,0.001,11857.374719717322,0.0803936359059976,0.605240095222909
0.0026056382171949,200.0,4.209311279603689,0.2244710244376394,0.001,2193.588467641039,0.053327257008841,0.56874031582111
0.0105039163582687,200.0,3.53485645874884,1.765469949292426e-05,0.001,7425.967316236754,4.994460085989779e-06,0.3406355950180126
0.005491935843243,200.0,7.038600280064207,0.0001217050434622,0.001,7731.108232868993,1.7291086099460817e-05,0.3388962445464557
0.0132782079283179,200.0,9.798835176619647,1.7909874182951356e-05,0.001,26022.19418609441,1.8277554280824032e-06,0.2902403454075741
0.0026517094766384,200.0,9.310562000487984,7.097672895906998e-06,0.001,4937.781097904675,7.623248624019685e-07,0.360825363843321
0.0013795082478154,200.0,8.136301664068634,0.0003613301634701,0.001,2244.819050459508,4.440963208945644e-05,0.4074895793756034
0.0007306416019493,200.0,7.542278619318001,4.247712495511316e-06,0.001,1102.1405065534198,5.631868974757404e-07,0.4601945058555037
0.0919731650061402,200.0,3.939755080112991,0.02437964184695,0.001,72470.34881340223,0.0061881110249754,0.3639267636515433
0.0474689367219774,200.0,7.737618347034568,0.0035432204904445,0.001,73459.30313883908,0.0004579213307674,0.2780659710884826
0.0300382344074532,200.0,6.435192701069637,5.905648018281296e-06,0.001,38660.36536237235,9.17711138207202e-07,0.2771986445972149
0.0015855889946197,200.0,3.5124360699593127,0.1059321003732684,0.001,1113.855995366565,0.0301591540068928,0.541868485417101
0.0261324016876844,200.0,6.397786900632234,0.00117414371567,0.001,33437.907439905495,0.0001835234173795,0.2872050676183945
0.0039874035858987,200.0,5.63808412200437,3.74469187121291e-07,0.001,4496.263369135793,6.641780771943592e-08,0.3657961086874337
0.0142515352108478,200.0,4.764483789761333,5.810262213124389e-05,0.001,13580.24169825945,1.2194945915463893e-05,0.3145743230820659
0.0038164204882455,200.0,3.2390605879080017,0.0030711424920024,0.001,2472.323438072161,0.0009481583961311,0.4059970559026721
0.0164469565608119,200.0,8.176753188559621,4.147573179210289e-06,0.001,26896.54090014418,5.072396198791107e-07,0.2890736917218429
0.0252839808366974,200.0,9.354228311203864,1.576623053976783e-06,0.001,47302.42587251422,1.6854656541666945e-07,0.2709632153702254
0.0050316995145515,200.0,7.4853123745140255,0.0002707113943302,0.001,7532.768528221822,3.616567763450704e-05,0.3403109822464771
0.0060285379538466,200.0,1.7189336716461707,4.5683878536774975e-05,0.001,2072.531375932776,2.657687105112375e-05,0.4127437026189318
0.0883374859338153,200.0,3.3010897596593356,1.8140248388280375e-05,0.001,58321.99404203366,5.495230275153865e-06,0.2650447792496
0.0526282607868326,200.0,2.058311010606733,7.025786202198689e-05,0.001,21665.065729324055,3.4133744443837385e-05,0.2974063798902682
0.0081745255509505,200.0,7.001443846208091,8.335452018458131e-07,0.001,11446.69632287466,1.1905332959247435e-07,0.3213909579099422
0.0215708464163532,200.0,9.817871854492614,0.0110465618576911,0.001,42355.96118173954,0.0011251483031565,0.3044219509469899
0.0082144464346517,200.0,9.848393543826155,0.0050052196006679,0.001,16179.820246625935,0.0005082270096533,0.3162804295103804
0.002603259776877,200.0,3.6771647613498657,4.07169002152137e-05,0.001,1914.5230232343424,1.1072906126802643e-05,0.4181153356243564
0.0018618291458229,200.0,9.69156482525459,0.437194043109379,0.001,3608.807572058313,0.0451107794244046,0.5401754190114344
0.0113703542092166,200.0,9.92797160014655,0.0098657488596385,0.001,22576.91073454191,0.0009937325827455,0.3147390375119758
0.0875833177973144,200.0,5.624914486499939,5.573223835712829e-06,0.001,98529.7346107684,9.908104112673764e-07,0.250552952789184
0.0500861352752103,200.0,4.087916670654695,5.5033284729171e-08,0.001,40949.58947203973,1.3462428215386593e-08,0.2753685877586294
0.0945199806158374,200.0,4.1065524106441185,0.0041332149853552,0.001,77630.25085040051,0.0010064926907159,0.2934799130748687
0.002016667510753,200.0,3.1954187589985814,2.751707642297833e-07,0.001,1288.819438904644,8.611414809244583e-08,0.4474550394534834
0.000728349147059,200.0,7.2550668885410445,0.1646027392430056,0.001,1056.8443560250482,0.0226879699073465,0.527126582425908
0.0012368458965236,200.0,5.750942575910716,0.0001795172632227,0.001,1422.6059452317031,3.121527660086467e-05,0.4398777561162618
0.0371052615950395,200.0,4.952403395374149,5.811316107836977e-07,0.001,36752.044701904,1.173433511750094e-07,0.2787728576504726
0.0040431883789536,200.0,1.530357235061634,0.0008518774661516,0.001,1237.504517689779,0.0005566526864672,0.4526858188441215
0.0121330265093891,200.0,4.0271384583969,3.799510285516012e-07,0.001,9772.275534542016,9.434764473006222e-08,0.3281571385498464
0.0687403072467943,200.0,4.800217774529474,4.177807447099353e-07,0.001,65993.68893453591,8.703370645530492e-08,0.261281845321054
0.0307988831833719,200.0,7.358287883397982,0.4218705671920776,0.001,45325.40979007914,0.0573327075370231,0.5538178088699472
0.0300074352100288,200.0,1.1262965378946967,2.6378424059751897e-05,0.001,6759.454077630975,2.34204964432006e-05,0.3452884531955535
0.0065890698382605,200.0,1.7217102332380976,2.5100827977258302e-06,0.001,2268.8937936107327,1.4579008414238238e-06,0.4065657789097894
0.0710175175864906,200.0,5.136901053243512,0.0008077915343693,0.001,72961.99217775663,0.0001572526949607,0.2663172060474569
0.0014322004596935,200.0,5.243262126680502,0.0004918876825428,0.001,1501.8804856251015,9.38132923089666e-05,0.4360126648287832
0.0810682216506783,200.0,4.738012811314906,1.7455711348483395e-05,0.001,76820.45455428612,3.68418407539912e-06,0.2572915056769147
0.004877496833712,200.0,6.250529800486312,0.0001118969664635,0.001,6097.38786217897,1.7901997116284008e-05,0.3502479656605726
0.0026308605880604,200.0,5.683083496851555,1.6212933041717758e-07,0.001,2990.280078104722,2.8528409006659453e-08,0.3890994218090773
0.0793941665837923,200.0,1.7025192592761538,1.175288191925999e-06,0.001,27034.019536617132,6.903229937179603e-07,0.2889046437292755
0.027338239061109,200.0,9.539002999962712,0.0106327931829358,0.001,52155.90888352348,0.0011146650423505,0.3010443086541887
0.0132400318727488,200.0,7.216971345114675,0.0026773032242273,0.001,19110.58612680675,0.0003709732374148,0.3084816327784972
0.0393857403656718,200.0,4.540723678544281,0.0160326004915719,0.001,35767.95277508069,0.0035308469809182,0.3421246126618663
0.0056481342416863,200.0,1.683731779282542,1.514856015365636e-05,0.001,1901.9886232762483,8.997015047201483e-06,0.4185631162730375
0.0112849772523057,200.0,5.91884473864277,0.0100831398003178,0.001,13358.805647102598,0.0017035655175219,0.338289924523644
0.0247823239597838,200.0,1.1070876943657375,0.0221107109465744,0.001,5487.241178732375,0.0199719598177287,0.4606241200830965
0.0091149645552159,200.0,1.8304304189000131,0.0282760383715476,0.001,3336.8616778125433,0.0154477537521147,0.4558712770106761
0.0058051780472659,200.0,9.677714824538809,9.643539010068546e-05,0.001,11236.171529422489,9.964686069914352e-06,0.3223134256306055
0.00756497415104,200.0,6.799351912009196,2.7511660764976827e-05,0.001,10287.3842916348,4.046218098578631e-06,0.3259831223543704
0.0027871526980956,200.0,9.14658097168255,8.769728283663754e-05,0.001,5098.5835667151405,9.587985183550536e-06,0.3592281169382484
0.0387556282261409,200.0,8.216981792402974,3.321209964562744e-05,0.001,63690.858297467705,4.041885510362668e-06,0.2624777505875256
0.0061107057266306,200.0,6.588575588466133,0.075249892188857,0.001,8052.169315755808,0.0114212687064846,0.4179860363573291
0.0219830575856281,200.0,8.676024498047676,0.2122585883025141,0.001,38145.10923098049,0.0244649595388161,0.4614428977842429
0.003651497743492,200.0,2.172590512358849,0.2279473257887347,0.001,1586.6418706821332,0.1049195992029097,0.6703043957404878
0.0398316754424149,200.0,7.828286001790209,0.2645818149727188,0.001,62362.74945874155,0.0337981794370074,0.4916700234705314
0.001255259847416,200.0,7.65956318740306,5.1702275233080576e-05,0.001,1922.948423578606,6.750029207685145e-06,0.4177900212453754
0.0186561735009431,200.0,7.461825506097664,0.5843931336362159,0.001,27841.822255104125,0.0783177163763292,0.5989502583331626
0.0038438813529162,200.0,3.975687888931286,1.883525042405168e-05,0.001,3056.414508255612,4.737607918491517e-06,0.3878065348829219
0.0133224207072832,200.0,3.7267750807470983,0.0145880525729006,0.001,9929.933101426506,0.0039143903929872,0.3672366575883792
0.0733041269779817,200.0,3.534621730007039,0.001392860089475,0.001,51820.472023113914,0.0003940619947109,0.2825281252676312
0.0177512267477776,200.0,6.166179029248305,0.0001092282769268,0.001,21891.44842311557,1.7714094321418155e-05,0.2966660146664148
0.0034321812460357,200.0,3.262202395077775,6.51219445979588e-07,0.001,2239.2939762317933,1.996257028571221e-07,0.4074272669398707
0.0255657082972393,200.0,1.3271403378930735,5.22300847701642e-06,0.001,6785.85654961479,3.935535924790218e-06,0.3449011205752244
0.0043006007185759,200.0,4.697442608839274,0.0007004424223718,0.001,4040.3650118086857,0.0001491114380096,0.3727311912955236
0.0893003987654694,200.0,5.2485517215600055,0.0015146055523828,0.001,93739.55233529996,0.0002885759029793,0.2673117852105778
0.0037522835506342,200.0,7.54263817928223,1.3337806851931167e-06,0.001,5660.423433701371,1.7683211808524556e-07,0.3537936546100311
0.0029843317656701,200.0,9.219998468503563,5.899576623084296e-06,0.001,5503.106861797098,6.398674189847035e-07,0.3552261997582599
0.0016869217571657,200.0,5.781377268683397,5.772182539633305e-06,0.001,1950.5462201850855,9.984095953917591e-07,0.4167753423313635
0.0166099152903463,200.0,3.6521324375438984,0.1236438387086805,0.001,12132.32208334602,0.0338552450720633,0.4971220373281058
0.0008318781902732,200.0,9.424640517443256,4.60485563256135e-05,0.001,1568.0305795252657,4.885974827409724e-06,0.4324337622432566
0.0099910561933316,200.0,7.676286719964237,0.0031853744957208,0.001,15338.84239505769,0.0004149629387131,0.3165801231576904
0.0125509685851808,200.0,9.545609048065304,0.0202143040648805,0.001,23961.32785773718,0.0021176547209397,0.3302184739601664
0.0413179727142291,200.0,7.031802456456317,0.0001074233571145,0.001,58107.9644055423,1.5276788245935874e-05,0.2655987720192987
0.0292072538075661,200.0,1.016362868393646,0.0087124369294688,0.001,5937.03365155183,0.0085721716135092,0.4099682970569701
0.0025647187802352,200.0,6.890437322140475,0.0272844478348818,0.001,3534.4068008255763,0.0039597556090106,0.4031375916745096
0.0056454871156807,200.0,9.433063190129028,0.3011243485735496,0.001,10650.847340255064,0.0319222231956055,0.4922363751008138
0.0739861975656171,200.0,6.64407284326486,0.1752414108776963,0.001,98313.93720442912,0.0263756004805606,0.4667510503568323
0.0093510050484122,200.0,9.055117089392068,1.326457182180182e-06,0.001,16934.889123373825,1.4648702706827578e-07,0.3057426492303298
0.0011069301273079,200.0,8.521567779127206,0.0005721907547719,0.001,1886.5560213224671,6.714618361347868e-05,0.4193987563484123
0.0113609018044616,200.0,3.313210217547997,0.0003180994834689,0.001,7528.211187820394,9.600944781113154e-05,0.3409939637129682
0.0460001247420134,200.0,3.776384126587817,0.7341237218251482,0.001,34742.828179359836,0.1943985826697327,0.7823743920820585
0.0050309024653515,200.0,1.0708921372125175,1.3355672459907406e-05,0.001,1077.5107786456088,1.2471538445199156e-05,0.4621313070564974
0.0082637493535546,200.0,5.850209711111509,1.4636586074544085e-05,0.001,9668.933343671348,2.501890837647119e-06,0.3286533380413457
0.0516783185297214,200.0,3.725879499427651,5.487527509553346e-06,0.001,38509.43751495622,1.4728140054975768e-06,0.2773407742917934
0.0103643144674078,200.0,4.418642434468974,0.0017921867980406,0.001,9159.23994197382,0.0004055967018422,0.3359474876657488
0.0130566539510597,200.0,8.429283235947272,5.7125540272921134e-05,0.001,22011.64685344658,6.777034140851412e-06,0.296220618112718
0.0655000430236771,200.0,4.259210534204174,0.0013871411200288,0.001,55795.694647454475,0.0003256803365058,0.2787343165803739
0.001028283070693,200.0,7.408729930187615,0.0087191450715311,0.001,1523.654312509693,0.0011768744648126,0.439250713803521
0.0836313911544999,200.0,5.528465889964762,3.935521443010462e-07,0.001,92470.65866559072,7.11865013068851e-08,0.2521404084416461
0.0267973307942633,200.0,4.109877062731985,0.0018181796875245,0.001,22026.747034756896,0.0004423927187534,0.3054246562401164
0.0005964799942721,200.0,8.909740090360264,2.4133625584021114e-07,0.001,1062.8963436129382,2.7086789669804242e-08,0.4632435796280024
0.0040313694820823,200.0,3.1375697437676395,0.0008307155133821,0.001,2529.7405825859864,0.0002647639992807,0.400944688484158
0.0273999594788533,200.0,6.220155631314734,6.386203893992651e-05,0.001,34086.402450037,1.0266951942234314e-05,0.2815075595193537
0.0005764698029373,200.0,9.651937403862142,0.7898345953759853,0.001,1112.8100906336974,0.0818317154709208,0.6423387916865098
0.0080839295349253,200.0,5.365094422317261,2.9684941632244677e-06,0.001,8674.209051646767,5.532976550937071e-07,0.3334472653957662
0.0027546901426023,200.0,7.674164811821166,0.9178227064985216,0.001,4227.98923196585,0.1195990350747643,0.6795595884474469
0.0017612996040773,200.0,8.136465704628176,0.0033647617841982,0.001,2866.150764830128,0.0004135409533262,0.3941124934446512
0.0790324844514919,200.0,3.572306335652069,1.6140634180358754e-06,0.001,56465.64898567764,4.5182670980014185e-07,0.2657450090911034
0.0032506631631904,200.0,8.610059661863362,8.36448777205261e-05,0.001,5597.680755138332,9.714784915023916e-06,0.3544437958919677
0.0776936913394139,200.0,2.1502696090256896,5.814631159035439e-06,0.001,33412.47666003285,2.70414051085906e-06,0.2819168484558714
0.004117515556006,200.0,3.588392625068977,0.0036804343521632,0.001,2955.052490955783,0.0010256498484729,0.3958538312433042
0.0120639966959471,200.0,5.184433860564381,2.0635415290411938e-06,0.001,12508.998592841088,3.980263968140497e-07,0.3177152699809401
0.0022602007399998,200.0,8.036890686262014,0.0006810977088889,0.001,3632.997255277513,8.474641941480964e-05,0.3782114117669375
0.0169999472096298,200.0,6.115776221852269,1.7699530553333845e-07,0.001,20793.574583479567,2.8940775318252627e-08,0.2981150448203131
0.008987373022224,200.0,7.230806722669473,0.0329006848075441,0.001,12997.19145364724,0.0045500711150799,0.3664778070998229
0.0596416222823875,200.0,1.0225447387194255,0.0342567757338863,0.001,12197.245414709332,0.0335014933202702,0.4960376552086988
0.0466904836237445,200.0,3.800885016324372,4.258442850852587e-06,0.001,35493.031922085844,1.1203819196221553e-06,0.2799188605139825
0.0049862495208344,200.0,7.44719075358528,6.044531985334346e-07,0.001,7426.710265325393,8.116526332327858e-08,0.3405771478153997
0.0032397301791544,200.0,3.182392822980667,1.6374861047926957e-07,0.001,2062.0188141070207,5.145455623730972e-08,0.4129601072993425
0.0104524899357846,200.0,1.1651354927402084,0.0009661461871924,0.001,2435.71340233851,0.0008292135920778,0.4062991177476038
0.0051465425146248,200.0,8.53094740925454,0.0027742727282394,0.001,8780.976706351443,0.0003252010116988,0.3367694598102855
0.0011492737052343,200.0,5.886829100367173,0.0464145823195419,0.001,1353.115578452021,0.0078844793229426,0.4710671065343301
0.0591578432836736,200.0,7.540381125980442,0.0183985251952389,0.001,89214.5369899843,0.0024399993697727,0.3205286904606343
0.0176553545592168,200.0,9.122968469475405,0.0004323640141254,0.001,32213.84859222874,4.739290896072639e-05,0.2844383651812584
0.029756883678379,200.0,8.757658135169304,1.1821485425275137e-07,0.001,52120.12288464857,1.3498455001117262e-08,0.2680667151097887
0.0322770037012096,200.0,4.365395132319656,0.0018791744745803,0.001,28180.37496862481,0.0004304706487318,0.2981511279179041
0.0011065112067315,200.0,9.044580559491765,0.1255801836354952,0.001,2001.58594985281,0.0138845779314449,0.4694812083809946
0.0016471379456422,200.0,9.345193552725949,5.867560142463805e-05,0.001,3078.5645820132963,6.27869300872026e-06,0.387381744714256
0.0553440358277036,200.0,2.978628728145618,0.001117806382277,0.001,32969.8670095837,0.0003752754989954,0.292659581896078
0.0119782095555298,200.0,8.153579518813343,0.092609066169601,0.001,19533.05682080443,0.011358087077696,0.406616152709252
0.0240874010119937,200.0,1.3741547049301197,0.1462541773433766,0.001,6619.963086033951,0.1064321046376027,0.6547904466445992
0.1206958951747745,200.0,1.4558711415056238,0.0032351819155864,0.001,35143.53413662841,0.0022221622665318,0.3257184251889646
0.0007070003041169,200.0,7.784445678758024,0.0391611953757141,0.001,1100.721092452811,0.0050306980087967,0.4764798745782037
0.0026184218183808,200.0,7.564762705875462,1.206227222269161e-05,0.001,3961.54794398768,1.5945341171538647e-06,0.3727478616223849
0.0087530208768568,200.0,8.855520072490123,0.0005062346473542,0.001,15502.510413986243,5.716599851960205e-05,0.3101636704572162
0.1479761804802319,200.0,2.8193009952013184,7.493811778582074e-05,0.001,83437.87857880154,2.658038922178638e-05,0.2564332538335125
0.1016318169689196,200.0,3.1520400427895057,0.0625742069156443,0.001,64069.511341497746,0.0198519708081713,0.4422890321956792
0.0168916172059895,200.0,4.579323524268272,0.0595339818371865,0.001,15470.436006864562,0.013000606207813,0.4173259187521557
0.0122734679248701,200.0,8.865206896364407,1.270327260432589e-06,0.001,21761.366497973315,1.432935830243901e-07,0.2964773856508438
0.0323828664485683,200.0,8.538114069065559,0.4736577030251234,0.001,55297.72152423843,0.05547568224009,0.5492798829517261
0.0013003138204875,200.0,9.208777845053792,4.009488562667274e-07,0.001,2394.860220344588,4.353985545238065e-08,0.4030242110195204
0.0077455625284133,200.0,3.2615148557599105,0.0004130984511883,0.001,5052.453450527499,0.0001266584607023,0.3606891350821755
0.0072781613814517,200.0,2.1789039953488323,0.0001511992890025,0.001,3171.68298256778,6.93923593353684e-05,0.385997160926127
0.069119206777851,200.0,4.274499823682981,0.097125573894677,0.001,59090.00743700633,0.0227220909816278,0.4539415958554003
0.021255658209259,200.0,8.172168217074715,8.31466199025466e-06,0.001,34740.962890142015,1.0174364708844616e-06,0.2806035239054845
0.0073617445754848,200.0,8.825115153919066,2.515837436208421e-06,0.001,12993.648722478643,2.8507700945875877e-07,0.3161621784165817
0.0289816558285572,200.0,5.113103734044094,0.0672238858521428,0.001,29637.24252715541,0.0131473737574601,0.413512507517617
0.00836526374535,200.0,9.783443881655549,0.0082905851209171,0.001,16368.217681576014,0.0008474096873456,0.3211916291656275
0.0065060687705965,200.0,4.598943228776688,0.805461550281077,0.001,5984.208183698081,0.1751405725648256,0.7598356880838761
0.0062762674261184,200.0,3.802054988790441,0.0008766798887618,0.001,4772.542775691319,0.0002305805390365,0.3644818015136525
0.0347626457977683,200.0,8.104889770881808,2.968868672651514e-06,0.001,56349.48246702399,3.6630586677658203e-07,0.2658008206006886
0.0089509335184113,200.0,4.4873108140563005,0.0007568289745595,0.001,8033.124154613229,0.0001686598067129,0.3388536250730281
0.0131802075882354,200.0,3.476060944489457,2.1512459315091813e-07,0.001,9163.040967545732,6.18874630181475e-08,0.3309903662306752
0.0202967541421255,200.0,7.795933907249884,6.445428960544416e-06,0.001,31646.430764742247,8.26768035392199e-07,0.283633691496541
0.0019753163939393,200.0,6.701517448852957,1.5757747987451244e-06,0.001,2647.5234561979664,2.3513701348563026e-07,0.3966186610019154
0.053983745149632,200.0,6.679927965811478,6.549401044621625e-05,0.001,72121.50578485339,9.804598310254388e-06,0.2593390775512577
0.0121915630240541,200.0,4.424570271963699,0.0015722057600397,0.001,10788.485465000347,0.0003553352446455,0.328720412835054
0.0467987102092442,200.0,3.6417640219861784,1.0970735597210202e-05,0.001,34085.971823076616,3.0124784392885737e-06,0.2812804795808929
0.0036768828890242,200.0,4.476969835954224,0.1429731004190023,0.001,3292.2587568995827,0.0319352387123084,0.5081866483770205
0.0212894211091633,200.0,8.33161518017704,0.0008239760810906,0.001,35475.05281805732,9.889752026126736e-05,0.2830030358107505
0.0110246632257985,200.0,4.75926472802675,0.0612452431239178,0.001,10493.858165783337,0.0128686355191069,0.4210215387404504
0.0044144971450744,200.0,5.057314766629278,1.109313604732369e-07,0.001,4465.10031980554,2.193483411497701e-08,0.3661705508453839
0.0011168012987659,200.0,9.321075510163482,1.182058677500091e-06,0.001,2081.9578471292907,1.2681569591526237e-07,0.4123073987364344
0.0011740522297335,200.0,5.308428423218364,0.0276377154201882,0.001,1246.474445332138,0.0052063837386041,0.4679450250471276
0.0421640644471881,200.0,9.179405379404049,0.000869816228858,0.001,77408.20800081152,9.47573609516852e-05,0.2619681376657062
0.0251397641453622,200.0,6.944766033333863,0.000125763077316,0.001,34917.956024547195,1.8109044525394757e-05,0.2809842226799436
0.0356259713760766,200.0,5.708651339991277,1.090404160427821,0.001,40675.24984690621,0.1910090659748519,0.7776219418330269
0.0047117153263097,200.0,4.362097997203319,9.232896768186027e-08,0.001,4110.592797657555,2.1166183735682993e-08,0.3706857970633476
0.0272486921311409,200.0,6.991448017607389,2.612752789946537e-07,0.001,38101.562916531955,3.7370696075641736e-08,0.2776272003830596
0.2710912608729924,200.0,1.0372526268382392,4.369941905429895e-07,0.001,56238.02449068035,4.2129967110812563e-07,0.2658607269527783
0.0252981836899716,200.0,1.4946959742183905,0.0114959487155656,0.001,7562.6186632876015,0.0076911618910174,0.3992705917701337
0.0095326782779488,200.0,5.3048855214838255,0.0027718243486466,0.001,10113.953395530794,0.0005225040837208,0.3333746760048136
0.079015675538986,200.0,4.890467469740818,8.319850986395334e-08,0.001,77284.71816460129,1.7012383862838092e-08,0.2569193057923574
0.0043653684025998,200.0,7.863364267682385,0.0021024727038735,0.001,6865.2963824546105,0.0002673757226934,0.3470335318944795
0.04618448983772,200.0,4.983913974494985,3.060636359484391e-05,0.001,46035.90486142695,6.1410296709515776e-06,0.2720158678124197
0.0011146742786398,200.0,5.872299112668301,2.5799713414805507e-05,0.001,1309.1401554741992,4.393460367021807e-06,0.4462344897692203
0.0959843203368588,200.0,5.100236106286693,8.576817372661387e-08,0.001,97908.53924388716,1.6816510439760548e-08,0.2506497338699568
0.0304217751384471,200.0,5.026971823893021,1.2274880237720694e-07,0.001,30585.881290756646,2.4418040656958966e-08,0.2847356959185266
0.005174297786854,200.0,8.737208898365674,2.0295174714373195e-07,0.001,9041.784133219053,2.3228441657346066e-08,0.3315822234013174
0.2769411861378304,200.0,1.680407947389972,9.458893824511149e-06,0.001,93074.83402912316,5.628927094282555e-06,0.2523337176053826
0.1608429146525381,200.0,2.341257323368228,2.2862503070477117e-07,0.001,75314.93036842914,9.765053521577967e-08,0.2576266830561953
0.0027443719835128,200.0,3.4614284858329007,1.2749838042268915e-06,0.001,1899.8894718905945,3.683403570072893e-07,0.4186002789349506
0.0042894038720757,200.0,5.52771630244556,3.1519558299116273e-07,0.001,4742.121542289256,5.7020940610087854e-08,0.3629514490613969
0.0006804245158136,200.0,9.136183202572534,1.319818833200557,0.001,1243.296606399068,0.1444606356874418,0.73582537101271
0.0242788178734456,200.0,4.89362436833738,5.326707323143096e-07,0.001,23762.28295598376,1.0884994274607263e-07,0.2933542457421497
0.0016216141065599,200.0,5.300882157196276,0.0001378386792626,0.001,1719.1970566643204,2.600296991615797e-05,0.4257962059366944
0.017397396907362,200.0,4.698321039004027,0.000123595463481,0.001,16347.711182752548,2.6306304412780595e-05,0.307579605808703
0.1093724444876787,200.0,1.5068961962938263,6.148750942575672e-05,0.001,32962.58411556816,4.080407766439634e-05,0.2835131161267989
0.0582624880848626,200.0,2.9060308123608856,1.0143634883883989e-07,0.001,33862.51711588394,3.4905462257102527e-08,0.2813998030106593
0.0193739117859309,200.0,6.3793762205447795,6.997152594897473e-05,0.001,24718.69442922004,1.0968396208336395e-05,0.2922453823331071
0.0010916479473102,200.0,8.878277689921857,6.768132219946603e-07,0.001,1938.390723170753,7.623249076371448e-08,0.4172038867567413
0.0564010328352594,200.0,4.945621019028722,9.450888942119217e-08,0.001,55787.626696997686,1.9109610109137097e-08,0.2660760350848481
0.0513075173066564,200.0,2.111465382857361,1.3841783214180074e-06,0.001,21666.809334672,6.555534050692581e-07,0.2966453139124757
0.0122117129926389,200.0,4.583220839518677,0.0001122981746048,0.001,11193.79549481676,2.450202129396814e-05,0.3226813135310649
0.0072126807914472,200.0,6.587268180628693,9.877497711989465e-06,0.001,9502.372534906392,1.499483160718492e-06,0.3294024035304045
0.0062234783894178,200.0,4.171448695373676,2.4781067708194805e-06,0.001,5192.184161644703,5.940638257322479e-07,0.3582083863677542
0.0165842039180323,200.0,1.978227879726295,0.0374789713178913,0.001,6561.466910743539,0.018945730015228,0.4537845340656199
0.0862114424504255,200.0,5.591313968838285,0.0008506233965293,0.001,96407.0484893524,0.0001521330050986,0.2601435196576372
0.0253443981977885,200.0,4.660097548192009,0.0004546956104189,0.001,23621.473580383237,9.757212284008898e-05,0.2958762158481018
0.0128806029198949,200.0,2.3166391953603327,6.337310711760549e-07,0.001,5967.941916820269,2.73556224225708e-07,0.351143268447747
0.0109686881736882,200.0,6.088632732015584,0.0001216932183493,0.001,13356.862768318157,1.9986953344955897e-05,0.3153661869708322
0.0484612298673505,200.0,7.256124519861784,0.004778264434301,0.001,70328.14366062813,0.000658514668708,0.2851967972747267
0.0459824236354171,200.0,2.831031040349343,7.382249445397193e-06,0.001,26035.533724471825,2.6076186873903864e-06,0.2902429666363827
0.2704350979729819,200.0,1.6621824980450883,0.0380716245889345,0.001,89902.49734155987,0.022904599605465,0.454028713074896
0.0048009210213007,200.0,8.225859205905309,2.5095691000119052e-05,0.001,7898.340075978145,3.050829144036767e-06,0.3377465259370001
0.0028034635735035,200.0,3.883792997289589,2.875738293434005e-06,0.001,2177.6144389859073,7.404458207327007e-07,0.4092879432926679
0.0424558413975044,200.0,5.946401409298844,2.9441940008863128e-06,0.001,50491.89502381773,4.951219734816844e-07,0.2690260575659455
0.0272783916993029,200.0,2.6764918956503996,0.5333908900828813,0.001,14602.078861912283,0.1992873174582375,0.7901298852678148
0.0139588899705533,200.0,8.433341993965078,7.996914073917987e-07,0.001,23544.018595561098,9.482497068944437e-08,0.2936784564876178
0.0080202431880065,200.0,1.296780245262929,0.0043249487169401,0.001,2080.0985856822917,0.0033351438940707,0.4277086429079021
0.0554923076569357,200.0,7.146567221826575,7.641375505472648e-05,0.001,79315.90139291459,1.069237197144786e-05,0.2568350987924674
0.0071828483137544,200.0,2.715676463715788,0.0001333961646101,0.001,3901.258421620697,4.912078680670457e-05,0.3739471443054521
0.0013476258148467,200.0,5.092454059847454,0.0011175079007499,0.001,1372.5445103942698,0.000219443884543,0.4433539943368952
0.0672125967286805,200.0,5.965762170008056,0.0927076817927366,0.001,80194.87338239393,0.0155399560275483,0.4224924639201899
0.0144485417529129,200.0,6.673093987347898,0.007597575842697,0.001,19283.29541946168,0.0011385387133917,0.3210169661756514
0.002240798178021,200.0,3.138751144263162,0.1307884981801786,0.001,1406.6615690652998,0.0416689607327509,0.5571901271688827
0.0387788814239018,200.0,9.581513218763982,5.779307903801297e-06,0.001,74312.07299439929,6.031727736369839e-07,0.2580211500823076
0.0011816812799573,200.0,9.621341536064817,1.8813466761922856e-06,0.001,2273.871836248818,1.9553891410467146e-07,0.4064147815017694
0.0113646019585893,200.0,9.785691360348771,1.588909110611547e-06,0.001,22242.09743999416,1.6237065446900797e-07,0.2956962297188348
0.0009303717157447,200.0,8.918086905247309,0.3558777625829084,0.001,1659.4271630390776,0.0399051687165678,0.5471807638279156
0.020870227332172,200.0,6.174264665457424,1.0066780460808539e-07,0.001,25771.66143541873,1.630442005042026e-08,0.2905265411595904
0.0321497593726979,200.0,5.974508558735871,0.1723972647210056,0.001,38415.802506696535,0.028855472048647,0.4767443715919051
0.0134411850831318,200.0,9.107733247369069,4.49134995425462e-07,0.001,24483.745653136277,4.9313586951528544e-08,0.2923055733260441
0.0030576352383127,200.0,4.1047704972718435,5.180319133613033e-06,0.001,2510.1781835289707,1.262024061285773e-06,0.4000023522072086
0.0046648682623738,200.0,6.8778792052651,3.1369438788350473e-07,0.001,6416.880083416513,4.560917377603373e-08,0.3475678602485766
0.0014032850352213,200.0,8.11042354866103,7.469130320513019e-07,0.001,2276.2471990285944,9.209297486992669e-08,0.4063454385444934
0.029448664415653,200.0,7.364923798455874,0.0027927170084882,0.001,43377.433877516814,0.0003791915686994,0.2860106927160852
0.0112057410094979,200.0,6.791967396287744,0.0015845934627377,0.001,15221.805517550878,0.0002333040443633,0.3138782174132435
0.0024038764146623,200.0,8.93321664006102,2.8895607525849916e-06,0.001,4294.869757622315,3.234625184870983e-07,0.368281210517727
0.0829471966123155,200.0,1.269226371739769,0.0078024957475191,0.001,21055.753880446897,0.0061474421909655,0.3720582145787912
0.0428144735564791,200.0,8.40691954789912,2.2115013256096413e-06,0.001,71987.56693499483,2.630572724063112e-07,0.2588746554574605
0.0047681931428316,200.0,3.956854499380167,0.0012263830632464,0.001,3773.409298225415,0.0003099388828774,0.3776324636718749
0.0028973921366783,200.0,7.350354679707756,0.0127018557546559,0.001,4259.371970156492,0.0017280602512586,0.3810814614858434
0.0017736806464414,200.0,5.464989802776674,0.000267772063104,0.001,1938.62932923694,4.899772419849754e-05,0.4174237515842781
0.0026123717478054,200.0,4.3230373880291575,0.0022168972763527,0.001,2258.6761474388327,0.0005128101095057,0.4094566040414732
0.0021798868320361,200.0,9.50056818466905,1.117681390546919,0.001,4142.032696524251,0.1176436365511809,0.6766080664582234
0.0091264488475415,200.0,5.552352146050059,0.0003346891507808,0.001,10134.651568892674,6.0278804725846494e-05,0.3273820183331005
0.0185622890827003,200.0,7.348302723680062,1.3105166988859132e-05,0.001,27280.263884828728,1.7834277494621246e-06,0.2886251749487049
0.0104126776158056,200.0,4.208989375990381,0.00025733771658,0.001,8765.369892107732,6.114002521555255e-05,0.3337143340185398
0.0245016165596038,200.0,4.17411227460417,0.7220278919630073,0.001,20454.49968581741,0.1729775924705995,0.7532429620905049
0.0538373277676163,200.0,8.225251731908758,0.0017924686401943,0.001,88565.11469238522,0.0002179226482808,0.2651006584653019
0.0270045551579502,200.0,4.564206382171587,3.371220408383502e-06,0.001,24650.872599924212,7.386213781988363e-07,0.2920856204016143
0.0011277610247921,200.0,4.667895261752511,0.5939753272056988,0.001,1052.8540688032992,0.1272469269121298,0.7154930650386434
0.0092128047547604,200.0,2.618039608424312,2.1886031878577005e-05,0.001,4823.89755052855,8.359702354445771e-06,0.3621153705203961
0.0017474426551414,200.0,8.486744178939322,4.293739024334831e-05,0.001,2966.019756310423,5.059347770833202e-06,0.3896243866195
0.0030802473210049,200.0,8.670578568036053,0.0002789526379826,0.001,5341.505281151153,3.217232111949536e-05,0.3570261028344427
0.0053636964859549,200.0,7.516781067809447,5.550705344392572e-07,0.001,8063.546439820516,7.38441800329056e-08,0.3367599210278894
0.0326556373897993,200.0,1.9376034401660085,4.089145882326133e-08,0.001,12654.7350694578,2.1104142352140885e-08,0.3172350867814502
0.0070684533258763,200.0,6.456717427351307,5.450114706672696e-05,0.001,9127.80115472099,8.440999266260995e-06,0.3312667024902559
0.0873019797202872,200.0,1.0135351811601183,0.0001327530156799,0.001,17696.725566287674,0.0001309801752791,0.3066107721523329
0.0252097846719595,200.0,7.419490032963985,2.513735157120759e-07,0.001,37408.74922135447,3.3880160845994916e-08,0.2782075833930957
0.0021495608034235,200.0,3.690063730475481,0.0001101444320643,0.001,1586.403271432959,2.9848924059128104e-05,0.4316743251197803
0.0008926702401375,200.0,7.346360655346423,5.285741578769132e-05,0.001,1311.5755060690744,7.195047761400545e-06,0.4460984453027348
0.0041211275742411,200.0,3.109042801619847,2.3167336698722163e-07,0.001,2562.55240385031,7.451597863706383e-08,0.3986798295609168
0.0067340190300925,200.0,2.7228204512615415,7.277893613256506e-08,0.001,3667.104946864101,2.6729245440640422e-08,0.3770960553744451
0.0176480738981177,200.0,7.916643215951724,0.0204666789794934,0.001,27942.70090002964,0.0025852723712815,0.3337985605281204
0.0078381206769998,200.0,7.906818389751403,9.670466167192215e-06,0.001,12394.919341998688,1.223054038995863e-06,0.3181041226679565
0.1120688657431882,200.0,2.050279897060438,2.8835589943191964e-08,0.001,45954.50850392481,1.406422117513546e-08,0.2718303205926387
0.0089561594164409,200.0,3.152306950441193,0.051515398645788,0.001,5646.512715541255,0.0163421264031975,0.4463254246016976
0.0008575422003123,200.0,9.72670403571398,9.361663923265002e-06,0.001,1668.2118361147018,9.624703176832931e-07,0.427866579358843
0.0021434443252831,200.0,4.650739036069074,0.3151565217077015,0.001,1993.7200390470273,0.0677648260337737,0.6001499500195899
0.001072093185482,200.0,9.24452888529888,1.955958142865124e-05,0.001,1982.1992841842325,2.1158007802599743e-06,0.4156699676746276
0.0419366001693933,200.0,9.01757395176183,0.0007259120103545,0.001,75633.27866259436,8.0499701387277e-05,0.2618035709332292
0.0008547270201937,200.0,6.819460034260163,1.2782223255520724,0.001,1165.7553508826877,0.1874374685283635,0.7962871244987162
0.0034290466255628,200.0,7.677042145577912,7.807124630911913e-05,0.001,5264.987092719472,1.0169443495121268e-05,0.3575734429594707
0.1121868743898749,200.0,2.256357621295455,7.629984084047123e-06,0.001,50626.74180778205,3.381549100211552e-06,0.2690677783946127
0.0364024227216989,200.0,7.088105509114785,0.0029062028625996,0.001,51604.84260775995,0.000410011230626,0.283110734910883
0.0019236203036651,200.0,6.210763336991032,0.000831313885603,0.001,2389.4300912589947,0.0001338505173191,0.4038789191237085
0.0009322759867736,200.0,7.701467164643845,1.1076630973935129,0.001,1435.9785801046728,0.1438249457815791,0.7315571291971356
0.0093726311817446,200.0,9.75447113486503,0.4437860160954904,0.001,18285.012064012895,0.0454956511695732,0.5271266294454504
0.0261981880457032,200.0,5.208670319134026,0.0003130216139644,0.001,27291.54489774928,6.0096261576512914e-05,0.2901530337986541
0.0014359239885329,200.0,6.594144045735808,0.0004092070107754,0.001,1893.7379238228025,6.205612251374942e-05,0.4191105596987786
0.0078251518077316,200.0,7.796599423730281,0.1709172403383443,0.001,12201.914814952475,0.0219220240837471,0.4576894019149474
0.0015191294134749,200.0,5.69287522410499,0.0106344734983122,0.001,1729.6428400361872,0.0018680320716117,0.4331797576031032
0.0108810606257027,200.0,1.99012185236632,1.9851748128065738e-07,0.001,4330.9273056267475,9.975142026836879e-08,0.3678240557904813
0.0147830528015842,200.0,1.084231898456843,3.13500432641539e-08,0.001,3205.651480809898,2.8914518479647706e-08,0.3849262790118079
0.0018256351018324,200.0,6.146335055835882,1.2205935432207992e-07,0.001,2244.193005111485,1.985888390613945e-08,0.407281659858763
0.0579472518828753,200.0,6.693724242616037,3.769402574154598e-07,0.001,77576.58494427611,5.63124867044335e-08,0.2568192591661393
0.0006038443971616,200.0,9.736856583742911,4.0947443027617393e-07,0.001,1175.909258811936,4.2054068143496185e-08,0.4548355927142357
0.0310264882408263,200.0,4.836299729096342,2.183794385797546e-07,0.001,30010.679334783832,4.515423997936509e-08,0.285367181386248
0.0008309339430935,200.0,7.016189186508605,0.0019149993675712,0.001,1165.9979492471937,0.0002729400984873,0.4564743260939521
0.0032254761683198,200.0,3.5253095539899872,8.177505089929209e-07,0.001,2274.160390468992,2.3196558953734467e-07,0.4064066049273026
0.0040350679346701,200.0,4.3225330169220495,3.296682640248881e-06,0.001,3488.3428746270233,7.626737904240123e-07,0.379974659404358
0.0370499737080521,200.0,8.946666500883866,0.0482963832565658,0.001,66294.75172649165,0.0053982545623886,0.3571707246135077
0.0195670557793039,200.0,2.577040866102989,1.139527744925973e-06,0.001,10085.020474516585,4.421845846197896e-07,0.3267921244441392
0.0100982479046515,200.0,3.4638473466869666,6.477593225559935e-08,0.001,6995.757842142924,1.870057360280469e-08,0.3434029075987987
0.0546628126902079,200.0,4.314567471963249,0.0009562764847269,0.001,47169.27871183824,0.0002216390150208,0.2791126256872062
0.0105043380323298,200.0,1.468684836071943,7.314036917841643e-08,0.001,3085.512396211331,4.9799907633031274e-08,0.3872076868417006
0.0105625423214129,200.0,3.817998333941339,9.635398729473604e-08,0.001,8065.5537970679425,2.5236780864508483e-08,0.3367479354733882
0.001426873308826,200.0,6.201414868348549,2.758669306492827e-06,0.001,1769.726670520657,4.44845146641103e-07,0.4236080729914644
0.023188120828756,200.0,6.231106769557084,0.121435502444813,0.001,28897.5313338739,0.0194885927870956,0.442984198881012
0.1011318764222308,200.0,3.9032626246085846,3.219921343045089e-06,0.001,78948.85467908553,8.249307445378415e-07,0.2563891187520468
0.0128352358110916,200.0,3.258039770964328,0.2661237188102841,0.001,8363.541748448468,0.0816821578367398,0.6093084139419266
0.0009115672100611,200.0,7.482660705381429,1.5866866787063484e-07,0.001,1364.189628607753,2.1204845992351684e-08,0.4429935241502395
0.0038193980738841,200.0,9.092716939033414,0.0014440885063339,0.001,6945.741112663582,0.0001588181525958,0.3453908749271871
0.0050347111072976,200.0,8.810465099003366,1.8391317791942586e-07,0.001,8871.629298882162,2.0874400596652947e-08,0.3324304951893317
0.0172317693268397,200.0,3.484699047339011,4.570647170960989e-07,0.001,12009.506031440786,1.311633259822317e-07,0.3193906802304896
0.0034831246520528,200.0,2.784166851018586,7.726551249745309e-05,0.001,1939.5200388422577,2.775175362395595e-05,0.4172928099292294
0.0431103797892507,200.0,1.57009457492184,0.0004060244996762,0.001,13537.474685984556,0.0002585987533244,0.3186173410265667
0.0284679472388781,200.0,4.427784398643979,0.0144061537682707,0.001,25209.9865291449,0.0032535806785629,0.3431822374190488
0.003099125005852,200.0,2.717503353364629,0.0012077483355526,0.001,1684.3765191798177,0.0004444330617135,0.429059722541049
0.1527917379429668,200.0,3.250415950105073,7.791857181178988e-08,0.001,99327.34041081875,2.3971877140607517e-08,0.2502784968459651
0.0074564802498942,200.0,6.108513875213178,0.0086662068309217,0.001,9109.602613346402,0.0014187095270564,0.347236160290211
0.0240812623723854,200.0,2.5244978788188615,1.16117745546701e-07,0.001,12158.619155673514,4.599637279197441e-08,0.3188789646903538
0.0405513179787365,200.0,7.92455746242103,0.4486663224066162,0.001,64270.24989988099,0.0566172085361526,0.5517913671738175
0.0141836457811293,200.0,6.29086866888366,8.886587729912717e-08,0.001,17845.490571010138,1.4126169528650606e-08,0.3037587765593292
0.0496435773923229,200.0,4.342635098969787,0.0033172194700482,0.001,43116.78832446494,0.000763872486278,0.2961777313481961
0.011021481563183,200.0,4.579343332317995,1.0603977686933148e-05,0.001,10094.229621725606,2.3156109768178424e-06,0.3267777970448807
0.0590027474988269,200.0,7.715316453557791,6.911301894543128e-06,0.001,91044.973716563,8.957898144743105e-07,0.2526010055899182
0.0013565853451146,200.0,4.631244351362474,0.0820541921976262,0.001,1256.5356433406748,0.0177175259978425,0.5044387439166703
0.0096157824305159,200.0,9.452974918647982,1.2731782898319837,0.001,18179.550027768568,0.1346854615387132,0.6968872298522428
0.0038239911119417,200.0,9.147577474572342,0.344814198263665,0.001,6996.050991712636,0.0376945917344947,0.5125133184661791
0.0009527698063813,200.0,9.778685899396214,0.0015498227268323,0.001,1863.36733420636,0.0001584898771447,0.4206781802304126
0.0183479160765085,200.0,8.227875328857994,0.3076954402918757,0.001,30192.873204372365,0.0373967066823049,0.5036725851858831
0.0029854593398714,200.0,7.4806862998280526,0.002518584218996,0.001,4466.65695649399,0.0003366782295167,0.3687580086349858
0.1345049733831512,200.0,2.4080781988417375,0.0010575878101867,0.001,64779.69880795092,0.0004391833332885,0.2796148329679605
0.0142661903622916,200.0,4.858477970559508,4.377909196900173e-06,0.001,13862.39431980047,9.010865590887938e-07,0.3135646897384972
0.0016083813811288,200.0,7.831711763481155,1.7054281421371126e-06,0.001,2519.275876550237,2.177593090299149e-07,0.3997654839972684
0.0116485825874878,200.0,8.042494896756246,1.0521330912774,0.001,18736.733202862895,0.1308217294240066,0.6908079613578594
0.0020882420706711,200.0,9.183789433189448,0.0023525629193241,0.001,3835.595092514214,0.0002561647276909,0.3763560365532949
0.0448667009326826,200.0,8.979632029033095,0.088703116404725,0.001,80577.29294643323,0.0098782573849272,0.3909901678615367
0.0031687467788278,200.0,3.6717987880054768,8.074208142748807e-06,0.001,2327.0001163992465,2.1989789225718222e-06,0.4049083073645369
0.0050283403664575,200.0,7.59849069040852,4.456467310383287e-06,0.001,7641.5594925465475,5.864937514510125e-07,0.3392501622013277
0.0025830444778939,200.0,7.290888518062591,5.503412484941135e-07,0.001,3766.537865104331,7.548342662635524e-08,0.3755751472925817
0.2026084210896719,200.0,2.105593920086497,1.3518985759856176e-06,0.001,85322.21192094762,6.420509496579863e-07,0.2542986043052641
0.0037512805352041,200.0,9.078810155909466,4.513443153171758e-06,0.001,6811.432764135393,4.971403824579286e-07,0.3446850183427193
0.0064331103464504,200.0,2.9214036303882773,1.48731409063276e-05,0.001,3758.742384161755,5.091094141055354e-06,0.375727783055395
0.0005023274572292,200.0,9.97643882389865,0.0001686941746012,0.001,1002.2878293224172,1.690925765987168e-05,0.4683205979177974
0.0488844611429828,200.0,6.129391608890751,7.815486735908484e-07,0.001,59926.401186988965,1.2750836028443725e-07,0.2640167528463347
0.0074717780831943,200.0,2.5483983724569574,3.706331624419519e-07,0.001,3808.213421314426,1.4543768605715194e-07,0.3749533716183525
0.0015836534638786,200.0,3.689865492248987,1.47616267132494e-06,0.001,1168.6936536092553,4.000586672944582e-07,0.4553406648160554
0.0071545885555319,200.0,9.774784615789796,3.4204337069913634e-07,0.001,13986.912428983976,3.4992420206028186e-08,0.3131931485640504
0.0059489825179146,200.0,6.544595003219766,1.1387089773201728,0.001,7786.736252197152,0.1739922755739596,0.7570697452772497
0.048811048524798,200.0,8.60459411584046,0.0006911929144391,0.001,83999.85218489615,8.032835775097687e-05,0.2592855374524155
0.0147783690762589,200.0,8.621406580657721,0.0014674851976732,0.001,25482.065681089414,0.0001702141273519,0.295102844588498
0.0028899728835521,200.0,7.25738348967062,3.49934206678073e-07,0.001,4194.728298137429,4.821768164464944e-08,0.3695702169766078
0.0068992208450525,200.0,6.926988889085528,7.35601134681902e-05,0.001,9558.165227405272,1.061934913510469e-05,0.3292633302211198
0.0115633866618982,200.0,4.342063276962821,0.0008288134036714,0.001,10041.791316390058,0.0001908800841454,0.3294856989800948
0.1219156304771069,200.0,3.1260618215053,0.0232852848332214,0.001,76223.15957584638,0.0074487601854299,0.3740433002897982
0.0027066146300673,200.0,7.206275878642165,0.0035964356612803,0.001,3900.922344286809,0.0004990699387376,0.3771284337220653
0.0189563708772563,200.0,4.3927972854440975,0.0175819100923387,0.001,16654.298906296684,0.0040024405748468,0.357184657962651
0.0065560801304326,200.0,7.60574222106705,0.0004973329413183,0.001,9972.7710905461,6.538913979240718e-05,0.3281385579807925
0.0068786433696914,200.0,7.932172716331047,0.0007860728487007,0.001,10912.51745248758,9.90993107200458e-05,0.3247965607084897
0.002890535542683,200.0,2.997859404383367,5.7360665702666965e-06,0.001,1733.0838320673772,1.9133874530205176e-06,0.4251126995868335
0.120728822210677,200.0,1.1403934200850725,0.088640964430984,0.001,27535.670892735336,0.0777284074686887,0.5978091821243348
0.0015907184165511,200.0,8.113032963505335,0.1311294646418415,0.001,2581.110189826873,0.0161628166965052,0.4669004281907327
0.0433502475191923,200.0,5.849935035009274,7.016970807060733e-06,0.001,50719.22634776944,1.199495509790667e-06,0.2689223645512997
0.1441055916051877,200.0,1.1573319856745463,0.0521808466305273,0.001,33355.602095847426,0.0450871895674031,0.5244376474344721
0.1006611612943242,200.0,1.2252880740453884,4.4616230842411027e-07,0.001,24667.78409069894,3.641284999625183e-07,0.2920523801167604
0.0014412647198951,200.0,9.400598496520454,0.0281482839516662,0.001,2709.75019178679,0.0029943076456339,0.4111851085845011
0.0066984425128148,200.0,3.774054614387766,7.808133706514333e-08,0.001,5056.057574940035,2.0688979106840462e-08,0.3595821222579555
0.011733589308431,200.0,7.39175403033526,1.6804803533595222e-05,0.001,17346.361212178763,2.273452750812519e-06,0.3048729126375235
0.0078461100086939,200.0,4.801504203146201,0.4419356493498498,0.001,7534.62603701831,0.0920410835130103,0.6290115120672415
0.0012589132600724,200.0,8.279151026843488,5.701318580177952e-07,0.001,2084.546601967155,6.886356537877578e-08,0.4122229284668692
0.007607525896808,200.0,8.188516831510114,0.1832860666623348,0.001,12458.870770432395,0.0223833046244753,0.4592290879125398
0.0031694087586918,200.0,2.477991327969205,3.242960854661925e-07,0.001,1570.753483765626,1.308705489828989e-07,0.4322854074463335
0.0255974734079718,200.0,4.0748625275776575,8.301863488524327e-08,0.001,20861.23703816203,2.0373358444215912e-08,0.2979971346135823
0.021206250702244,200.0,8.017352575935274,0.000308675681616,0.001,34003.59773871317,3.850094887214686e-05,0.2824597046184458
0.006952607359497,200.0,9.929320689511531,0.0048279355441089,0.001,13806.93362014084,0.0004862301959094,0.3213438384171427
0.0129547316469738,200.0,5.864873380375567,1.4161614958825243e-06,0.001,15195.57215724923,2.414649735868361e-07,0.30992438668967
0.0137847247249078,200.0,4.809469010271451,2.2927549998542e-06,0.001,13259.44127591342,4.767168672794494e-07,0.3153448633294506
0.0013183610568337,200.0,7.785389108668388,0.0044436107289292,0.001,2052.790762633186,0.0005707628311064,0.4159965070486743
0.2272937528326773,200.0,2.001492624062866,8.099755810964815e-07,0.001,90985.35395803436,4.046857686901176e-07,0.2525864639948402
0.0356324342756223,200.0,5.1297738015781995,1.3294457533435312e-07,0.001,36557.26556670887,2.5916264630119185e-08,0.2789390220902739
0.0057234714816149,200.0,8.338035872536638,0.0046990128075568,0.001,9544.502105829102,0.0005635635153638,0.3361449902615936
0.0438001680875414,200.0,8.70614928001644,1.341872051294406e-05,0.001,76266.1603719895,1.54129226152193e-06,0.2573663441486425
0.4464206416368263,200.0,1.0716931477803384,1.4341768703027632e-05,0.001,95685.18853397777,1.33823461806506e-05,0.2521320568292332
0.0021210098063806,200.0,8.371761389352573,5.109801581080734e-06,0.001,3551.317600699137,6.103615886113901e-07,0.3789400467174785
0.0009131509443745,200.0,8.366500634154685,0.0003281662658619,0.001,1527.975591037741,3.9223838043142715e-05,0.4345019075974186
0.0574951863824665,200.0,2.138052919976697,3.433304914101711e-07,0.001,24585.5502259274,1.6058091369128185e-07,0.2921636387244193
0.0432753997506088,200.0,7.260559150343187,0.2062292934661608,0.001,62840.71992880844,0.0284040511475501,0.4743138801826698
0.110259428867225,200.0,1.998911868830032,0.00820743865997,0.001,44079.77620262335,0.0041059532378352,0.3466199076057112
0.0166663131230624,200.0,6.062800605498095,1.1175493243498326e-07,0.001,20208.906658784766,1.8432889304266e-08,0.2991521653201194
0.0021693513897007,200.0,3.15128118727884,1.362704320731085e-07,0.001,1367.247244592231,4.324286662301285e-08,0.4428196078641012
0.0027597115171138,200.0,5.617468811204553,0.7863781844229984,0.001,3100.5186750617936,0.1399879929648199,0.7139519449412723
0.0032137829162466,200.0,3.3875106496010816,5.667692602900191e-08,0.001,2177.3447708583403,1.6731143276457676e-08,0.4092925911076608
0.0232638130315393,200.0,3.893377574166787,0.0008373243719179,0.001,18114.961589320857,0.0002150637475989,0.3073717152694608
0.0165617328924112,200.0,6.584849027397416,0.0172669739615025,0.001,21811.302145722024,0.0026222277670543,0.3381983851867933
0.0080237377456961,200.0,7.819968144850525,0.806319218317528,0.001,12549.074714795684,0.1031102944899451,0.6463231459617781
0.034364231251491,200.0,9.682712081045912,0.008230340027409,0.001,66547.79141893363,0.0008500035897504,0.2913411915638597
0.1073438111889569,200.0,3.3112317882698097,0.0001589278547955,0.001,71088.04797658135,4.7996596118275354e-05,0.2617117960831529
0.0212976135130979,200.0,3.075262117260261,0.0004679945533154,0.001,13099.14880497605,0.0001521803786053,0.3182299830850489
0.1069065751640604,200.0,4.098954028675398,0.1831882163681552,0.001,87641.02739212294,0.044691454231155,0.5221560021693983
0.0555354569855622,200.0,6.842945814970781,0.0015616475971357,0.001,76005.22459236857,0.0002282127667472,0.2685822757920252
0.0129679958536085,200.0,2.218807811449861,0.0002264455207852,0.001,5754.698099767231,0.0001020572938389,0.3538989838859649
0.0012471403658071,200.0,6.385948053820278,0.5014146683543705,0.001,1592.834718373373,0.078518438316204,0.6255869487255292
0.0015608585576893,200.0,6.856161992565982,0.0018352546365401,0.001,2140.299823800207,0.000267679590787,0.4117628207816312
0.0099230964837709,200.0,1.7739530077154622,0.0006169868300643,0.001,3520.621370647225,0.0003478033676094,0.3817566423325861
0.1395172951436882,200.0,1.2447088621766738,0.0172327394254244,0.001,34731.68273845347,0.0138447953164636,0.4163776368444966
0.0057647375439625,200.0,9.032423708226954,8.059819073547783e-06,0.001,10413.910412758596,8.923207473323801e-07,0.3254144173323884
0.0127818455184156,200.0,8.268482377978646,0.1595218191164588,0.001,21137.292885413102,0.0192927567386865,0.443639864707342
0.0016132078606292,200.0,8.4506071763288,0.0012448245291448,0.001,2726.517184788738,0.0001473059276298,0.3956201898825057
