x,y,u_clean,noise,u_noisy
3.8697802427798167,3.6835284424111014,0.9551374028601604,-0.05390805877885274,0.9012293440813076
2.1943921987602617,4.432014433618539,0.33652227596362483,0.0671394005812743,0.40366167654489915
4.292989599556912,4.605285986475958,0.5025124793622185,0.0025139838636322903,0.5050264632258509
3.4868401452968194,2.518164625915496,-0.2746065862948629,-0.020540463837802014,-0.2951470501326649
0.47088673943824766,2.6013755737028452,0.06927481214951131,-0.007712372313782251,0.06156243983572906
4.878111758183779,3.9993520538191825,0.5203955923657869,0.01620614795061049,0.5366017403163974
3.805698509951765,1.5722534587210064,-0.7865692633730792,0.04480141516115706,-0.7417678482119221
3.930321526384769,4.186911811725343,0.9655489206176319,-0.07261266459304673,0.8929362560245852
0.6405681633777294,2.4707082325871172,0.03031161401685639,-0.07565422452865353,-0.04534261051179714
2.251929689477836,0.579283621676342,0.305419875021625,0.08023679119910188,0.38565666622072686
1.8539901211629062,0.3602957353647185,0.8000069473827038,-0.029949497607525955,0.7700574497751779
4.633824944243009,4.209966055197316,0.548849226033484,-0.10291029428336756,0.4459389317501164
3.2193256004033226,0.2778395845343895,-0.34812714024587715,0.032235699918825765,-0.3158914403270514
4.113808066354149,1.4030571806682794,-0.6934886630018269,0.03365620159791402,-0.6598324614039128
2.2170709941366558,1.670650202507729,-0.67880095689077,-0.1111813083556859,-0.7899822652464559
1.1361936089238844,0.864972225957969,0.9088116504923007,0.01666807542944101,0.9254797259217418
2.772923935079174,1.5694668490099462,-0.9323279978518747,0.0534280234242107,-0.878899974427664
0.3190862805208766,3.713462833625428,-0.7776733997731314,0.027193023218402872,-0.7504803765547285
4.13815585996291,0.07341421780035384,-0.8771896648498352,0.04590306909665563,-0.8312865957531795
3.1583219956103243,4.1358671226034325,0.8473653055397703,-0.10199707285141747,0.7453682326883528
3.7904387004268694,4.282740117872791,0.9760723329846228,0.024044627095902573,1.0001169600805253
1.772629840649342,1.861307865957741,-0.47269370955737455,-0.021980352408916194,-0.49467406196629077
4.853490121974517,0.768064495303174,-0.6144042685724571,-0.03506677107566938,-0.6494710396481265
4.465605606610988,3.0042020397254046,0.9271083329518803,0.06323155870617597,0.9903398916580564
3.8919174853688094,0.5983627793244717,-0.9754350956891913,0.10744498347049279,-0.8679901122186985
0.9731935392598379,1.8245968053912627,0.33706931729422734,0.13033149659870055,0.46740081389292787
2.333605018635171,4.792145904504862,0.7463531206085691,0.09549918490546921,0.8418523055140383
0.21901882893614388,4.977322362918185,-0.8851629511660037,-0.007970384973394334,-0.893133336139398
0.7714474603377391,3.8605244567729278,-0.9967682901269487,0.02561932339982093,-0.9711489667271277
3.415244766212273,1.5548075496038312,-0.9669880503606739,0.05569708001397336,-0.9112909703467006
3.7238107795390856,3.4383252458304625,0.7700699036270421,0.008801586632851945,0.778871490259894
4.83754866217105,3.5270318274200636,0.8724520034816923,0.009497869332098847,0.8819498728137911
1.6291267906907598,1.9392084758182486,-0.413907742758815,0.059832127843440254,-0.3540756149153747
1.8522985301743444,3.204443172930797,-0.9412941624762431,-0.004305910009522296,-0.9456000724857654
2.3477790563790397,0.05363822487838121,0.6744174082119936,-0.05297071115502419,0.6214466970569694
0.9473567954214285,1.0452882930112073,0.9123335284268934,-0.030104656969584927,0.8822288714573084
0.6496075266773582,2.625441514836306,-0.13306058400696627,0.046043171545173255,-0.08701741246179301
2.3785246311296686,0.8187565212914794,-0.055659719682838144,0.0002174134152795133,-0.05544230626755863
1.1345467452544207,0.8295343393826682,0.9236552455142852,0.024710663962197676,0.9483659094764829
3.3490699734125515,4.1815214527511895,0.9481635190968228,0.0486702451660035,0.9968337642628263
2.1857595943616537,4.9456650134180276,0.7501172093040225,-0.027226072304005543,0.722891137000017
4.163390980289187,2.779847140142242,0.6131585731770255,0.0549290012465369,0.6680875744235624
3.5013255100112457,4.195348654408567,0.9876526734204869,0.027516689412807546,1.0151693628332945
1.5618332069102054,4.951608321631363,0.22822699017901055,-0.08968887840288756,0.138538111776123
4.161299006976005,0.7079794428438735,-0.9877180708219288,0.10475974089338322,-0.8829583299285455
4.023821787484009,2.2412280662717556,-0.018134459331171606,-0.03637087662071299,-0.0545053359518846
1.9373918951508724,1.9628635792095994,-0.6879515938288497,-0.12021547759216698,-0.8081670714210167
1.4416405196512205,0.4002464182309251,0.9634794229912099,-0.07590525172455323,0.8875741712666567
3.4124775198748774,3.7766508639737224,0.7870073300048205,-0.07416215152771517,0.7128451784771053
0.698762418046549,2.168895136612965,0.27052189555829964,0.0037895342076869963,0.27431142976598666
0.9995410123755416,2.3466346709520063,-0.2031589029046181,-0.01989073889226322,-0.22304964179688133
0.03681134875502756,0.7533648690662009,0.7104772914757712,-0.024465307104481793,0.6860119843712894
3.934621887510692,0.9046332611543406,-0.9919632756261866,0.04501116388975632,-0.9469521117364302
3.324254282960161,4.535518110781075,0.9999832335975142,0.024686359632285926,1.0246695932298
3.5258268931316756,0.22324544487139442,-0.5707998711890242,0.022955684014174197,-0.54784418717485
3.9036451551098397,1.1642614247185312,-0.9374664506456576,0.029767302488940297,-0.9076991481567173
2.2945788776916998,1.4602966515726417,-0.575555170835063,0.04475205835117437,-0.5308031124838887
2.8437059797644686,2.450987712007932,-0.8351973925093898,-0.1531081691258354,-0.9883055616352252
0.6989849906382872,2.9322258650739794,-0.4702889810651752,-0.026470450013177844,-0.496759431078353
0.5726503676798672,2.466449879253333,0.10231305899711667,-0.15835643259647927,-0.05604337359936261
3.3420148089523583,0.42057667278441013,-0.5818477952757988,0.002619161089289906,-0.5792286341865088
2.3554810307156626,1.2183372702785678,-0.4188928055348483,-0.00033650929592314176,-0.41922931483077147
2.826180532405944,4.217941923812706,0.6896004218600373,0.07594073795771848,0.7655411598177558
3.824994287080128,3.1879435023922955,0.6666851707181871,0.08626212158333552,0.7529472923015226
3.173591600002954,3.245745250671372,0.13573128750014615,0.014728274941865755,0.15045956244201192
2.767897003289979,3.351016276756775,-0.16353420173322983,-0.03634300956465769,-0.19987721129788752
2.796035803727068,3.8145150951976454,0.3215496450724063,0.03523898190758625,0.35678862697999253
1.519750490313061,0.2905424086072367,0.9714575178872202,-0.03834454079130954,0.9331129770959107
0.15408917283969703,1.8330419246630618,0.9145773393542751,-0.00010115324115371923,0.9144761861131214
2.183586946161812,2.6976371763083935,-0.9857811715963609,0.07162659770782472,-0.9141545738885362
1.072923364097646,1.6922824164866301,0.36756267232731277,-0.04051292212344895,0.32704975020386384
2.042643218623181,4.222394366435933,-0.018146726008958808,0.058519312981661645,0.04037258697270284
4.26701536634083,2.4128625429364696,0.3863699027645955,0.04920207732698653,0.43557198009158204
1.1696974293267037,3.8431379472968956,-0.9552044748364525,-0.06934993489654945,-1.024554409733002
0.2915137084453301,4.260077584405845,-0.9870998831528168,0.07073740387822633,-0.9163624792745905
1.4069194601099828,2.5239574145174903,-0.7098492928199351,0.05073936506705164,-0.6591099277528835
1.467968788833418,4.547761219356749,-0.2642780669520768,0.007403240713570467,-0.2568748262385063
3.3095825736344753,2.935619702684903,-0.037973898431920415,-0.05537027154589293,-0.09334416997781333
2.7851607617063916,4.251371494168609,0.6840838626788147,-0.06240719744540399,0.6216766652334107
3.9194910455320677,1.7029539779576215,-0.6137015022840184,-0.03905235050776177,-0.6527538527917802
3.321567701636938,2.494084792657426,-0.45068524345656713,0.039410571005522005,-0.4112746724510451
2.031934307200353,2.6570552050228886,-0.9997262449360984,-0.06941046409880441,-1.0691367090349029
4.070101923330173,0.5248985794803529,-0.9931178811124509,0.03177807498330674,-0.9613398061291442
0.8348645995385195,1.9927625335077033,0.30883272630711367,-0.09019313272282439,0.21863959358428928
0.11356036566930239,4.58668836275838,-0.999926308046312,-0.014822229088423485,-1.0147485371347356
0.45023930387820876,3.1541612018237117,-0.446462336507539,0.00796410746806647,-0.43849822903947255
3.6117967529822517,0.8875329121848374,-0.977388594282711,0.17759852287275382,-0.7997900714099572
2.3093861512569367,1.694278178048025,-0.7591925745178695,-0.10003934818939542,-0.8592319227072649
0.806358895168009,0.9580150483134992,0.9813222873276224,0.10691766783216586,1.0882399551597883
2.5052238755168177,0.1241156589928627,0.49014240339489684,0.010883588933540132,0.5010259923284369
0.7615605135658421,4.6373022925201335,-0.7734857566028903,0.029864882830043613,-0.7436208737728467
3.48160187538868,2.2410366412843574,-0.5316493895421407,0.008596031031432593,-0.5230533585107081
2.2307813778701533,1.5376753621039307,-0.5866079608212231,0.03230209490197504,-0.5543058659192481
1.9051061304824124,2.992385957788683,-0.9829172790670677,-0.01116269724022469,-0.9940799763072924
1.5075604457393825,0.03657228146507818,0.9996445472882084,0.10561285047814169,1.10525739776635
3.1514129655944423,1.3901105330040693,-0.9854379735557705,-0.033155127187061484,-1.018593100742832
1.8090630527669522,3.5151673284944627,-0.8185917501850307,0.0822382350366277,-0.7363535151484031
0.438249596580505,3.1688488653463147,-0.44887484646334597,-0.04680268204490424,-0.4956775285082502
0.5900295106025766,4.909029737712677,-0.7062066955497327,-0.004376306489390067,-0.7105830020391227
4.809488322747573,3.1017885482902203,0.998359076872858,-0.07786046327487521,0.9204986135979828
4.5429034535380355,2.387529368138664,0.6029929068902321,0.03304999562869377,0.6360429025189259
3.498535669053748,3.807162815920038,0.853420641269292,0.10496465222265014,0.9583852934919421
1.3293498072975978,4.516639359820266,-0.42340099715904,-0.00561865522742217,-0.42901965238646217
4.84588188673862,3.603479733591758,0.8279354533776188,-0.01430051048008402,0.8136349428975347
3.893754519828973,4.816056117746898,0.6555927423113938,-0.08095860525453086,0.5746341370568628
3.584450945794978,3.910025853690886,0.9360711429859262,-0.01665434318854336,0.9194167997973829
2.246807510718943,4.334007191309633,0.2932546528032481,-0.11569032770643324,0.17756432509681486
1.361207809225795,0.570520355918186,0.935568154755278,-0.06630558391009923,0.8692625708451788
0.48195481076749647,3.6620675149689386,-0.8427812572501829,0.016472279350252826,-0.8263089778999301
4.513011982719208,2.200443497636843,0.417116365375672,0.09580463274804336,0.5129209981237154
2.2788814491680554,2.765519012056376,-0.9453886237559479,0.20404300376429854,-0.7413456199916494
1.0118168239761516,3.270512047411784,-0.9089406903471019,-0.04260576675572842,-0.9515464571028304
1.5297831207532626,4.849075583527847,0.09552750775852928,0.10425096930499796,0.19977847706352725
2.89609784470948,4.922890407158123,0.9993877940805754,0.017704611982876456,1.0170924060634519
0.8838639146961585,1.4411412274395263,0.7288135050686851,-0.010985656000527198,0.717827849068158
4.283071420461877,3.668767487189581,0.9952157966355559,0.03142087785583381,1.0266366744913897
3.7925976491760505,3.749917689676343,0.9518852402868441,0.004497215031787504,0.9563824553186315
3.597314779754684,1.732464306565244,-0.81539212327377,0.008018435272173796,-0.8073736880015961
2.1604651988755186,0.6193488743211051,0.3539382429552253,-0.029658693916363593,0.3242795490388617
3.1365442035122157,0.2047348014285988,-0.19836192446995737,-0.10154969088094135,-0.2999116153508987
2.920489844563678,3.8867156376458927,0.5003648982078093,-0.11211900372299875,0.3882458944848105
3.2492330077741,2.4484987090845296,-0.55257748924398,0.04744750563865587,-0.5051299836053241
0.42222160569944545,4.927700847474631,-0.8035663153205111,-0.020097714380269326,-0.8236640297007805
2.0790370108530483,2.3248672809682653,-0.9527947351903708,-0.043296062703946384,-0.9960907978943172
0.2080708693094624,4.889584895369201,-0.9266982064133203,0.0006177940038045282,-0.9260804124095158
2.4699540962225948,2.0578800109702993,-0.9830180327824286,0.057738764616279366,-0.9252792681661492
1.6493060616639266,3.968410752799863,-0.6174277297786299,0.013100476441192463,-0.6043272533374374
0.7226209443302345,0.4240963615591603,0.9114180853479292,-0.04765160983609174,0.8637664755118375
0.5170148386127582,2.7773085506888195,-0.1521376444376289,0.08907003088265847,-0.06306761355497043
2.93822286088856,4.010298934928621,0.6173238863468808,0.11470187516944902,0.7320257615163299
0.8529648426844305,4.623508336099444,-0.7220162813308698,0.03592141368823214,-0.6860948676426377
4.625600591883986,4.112915453087158,0.6336497591428549,0.07072065335223396,0.7043704124950889
2.9053056985019747,0.18485363600587112,0.05141064524816292,0.09020798395819873,0.14161862920636165
1.7343490226741853,1.863511706533671,-0.44060102307795235,0.08208314379442343,-0.3585178792835289
2.9545774574070838,0.24349236156925635,-0.056447146252506575,0.04460421338838291,-0.011842932864123662
0.11401935514848749,0.54641145557279,0.6134571321893688,0.043460080004540116,0.656917212193909
4.792796066207226,3.3765281433374206,0.9506901875700617,0.03774480078618613,0.9884349883562479
2.4115171847145014,3.566290981558491,-0.30065288854903804,-0.07970354890352134,-0.38035643745255937
3.913676136251431,3.8686034137581315,0.9974305067147711,0.050896021977593665,1.0483265286923646
0.41364999961219284,4.3272827402783145,-0.9995926545546935,-0.09847760416716654,-1.09807025872186
2.4332916541908016,3.6971573423825492,-0.15214315443412943,-0.05771459232584302,-0.20985774675997246
2.4535349717726045,4.00435796053316,0.17382022085848747,0.09468257997598697,0.2685028008344744
4.689132274874915,0.24481854911639622,-0.9755554186474535,0.06102818702061309,-0.9145272316268405
2.858640261880377,1.172675752206493,-0.7768975975644566,0.10803504251316837,-0.6688625550512883
2.367447005284769,3.109488866876229,-0.721696077582684,-0.019732679400615825,-0.7414287569832998
1.334878315459468,4.290626523124116,-0.6112827924738382,-0.08369194278109283,-0.694974735254931
1.657844986712761,0.022500624698295613,0.9940054757657362,-0.017463811130727844,0.9765416646350084
2.603362012357689,2.573146710581749,-0.8942159467751234,0.007410897008216402,-0.886805049766907
2.1945573015252333,3.386436996821986,-0.6458919155954008,0.005737232177170126,-0.6401546834182307
0.10806039940165213,0.14803644564306606,0.2533066333780844,0.0823432563881033,0.3356498897661877
4.131459620971789,2.0067777877669397,-0.14444087471395609,-0.026240359421309218,-0.17068123413526531
4.480803859198834,4.478174406918484,0.44913744230959346,0.025569519200779794,0.4747069615103733
0.7012454449930539,3.3580640442792937,-0.7942163606028546,-0.07180751575383185,-0.8660238763566864
2.770180717695247,1.1882918168029866,-0.729013662865323,0.03270814993887915,-0.6963055129264438
0.5428787056772177,4.263905648159564,-0.9955480639517454,0.00022578508647506292,-0.9953222788652704
3.3612004651990586,1.7401571170475716,-0.9253006934604441,-0.054461616932218584,-0.9797623103926627
1.4061689191950415,4.2667233557202975,-0.5731076188161338,-0.01712912764865052,-0.5902367464647843
3.297113173459509,1.4947182555945275,-0.9968461079096493,-0.013377341323196502,-1.010223449232846
3.634973071434413,2.951601254415745,0.2987561565727265,-0.01962233053881472,0.27913382603391174
3.843237459588285,1.9847003387391704,-0.43968462789871254,0.128658831827845,-0.31102579607086756
0.5387047297794828,1.3741252537753352,0.9420745182137853,-0.007150484250475695,0.9349240339633096
4.580059225688039,4.432787810859346,0.4003794745943431,-0.01771504432573338,0.3826644302686097
1.151069954474404,0.9379684096974567,0.8686913349702049,-0.15234534350752463,0.7163459914626803
0.1870627808808989,0.4240579561788155,0.5737857100422036,-0.06494946912107422,0.5088362409211293
2.774262346957417,1.7096346927283017,-0.9740090913231407,-0.019107961056772083,-0.9931170523799128
1.8546114193121936,3.5881957382078378,-0.7448954675642748,-0.04981592593074915,-0.794711393495024
4.1489487156620655,4.037158029881408,0.9453515802484905,0.10035835029961218,1.0457099305481028
4.041257360321509,4.993716850333824,0.3800068945055205,-0.011980018869539822,0.3680268756359807
1.5856944641135766,1.4818102850558246,0.07402014471812011,0.09358430100141034,0.16760444571953045
4.764496975348725,2.039709755656411,0.4977662896768465,0.004481827637638951,0.5022481173144855
1.454589190700593,0.6841063901481315,0.8430327464572333,0.002703990530557712,0.845736736987791
2.575285646158573,2.874359648115168,-0.7403158112613447,-0.006449602685548625,-0.7467654139468933
1.2798254528380137,4.987900186314586,-0.015459052220794904,0.0002757352944123934,-0.015183316926382511
4.680217850244817,3.5044050506032924,0.9458343509656153,0.12484221106986113,1.0706765620354763
0.8230390879100907,2.976064202066859,-0.6111483763685466,-0.16848159986219668,-0.7796299762307433
0.22455309696164494,1.96184546460897,0.8164258343191202,-0.14537940583362713,0.6710464284854931
2.1754853000151897,4.576493801427774,0.4518105413966344,-0.03945243465181995,0.41235810674481443
4.961877820279185,2.484582980651747,0.9181062224446618,0.0010552118781063185,0.9191614343227681
4.4583863312745695,0.6718345665653075,-0.913970851916612,0.05012474559430328,-0.8638461063223087
3.743040097284746,1.8268923159956674,-0.6542971887634553,0.034362010435098976,-0.6199351783283563
4.453962454392625,0.3358333442388345,-0.9970055878562604,-0.027909151046779067,-1.0249147389030395
4.467233198489316,1.0098951884439078,-0.7215628035471293,0.0740167778096621,-0.6475460257374672
2.594291801932245,0.08834390499956102,0.4430132350838999,0.07482676627252395,0.5178400013564238
1.5796452591539651,2.266399582500817,-0.6476165124217791,0.013368776718510805,-0.6342477357032683
3.86006216055494,3.172701324758986,0.6813300570254881,0.0699212527608891,0.7512513097863772
3.3083063158388053,1.7164623118945388,-0.9516049421968213,0.01980319785907845,-0.9318017443377429
1.8682886443685502,2.101908857526386,-0.7369890991824318,-0.04078251473700605,-0.7777716139194378
0.47233334030757634,4.79604636422288,-0.8493779678010759,0.05068492574621173,-0.7986930420548641
3.73394805674513,3.7598156078745775,0.9358200164586837,0.00803422558918338,0.9438542420478672
1.3123025796143235,2.704283184724756,-0.7675390862297503,9.731784827633304e-05,-0.7674417683814739
4.6840657526688965,1.4227043755591262,-0.17550152705345085,0.10698587116503418,-0.06851565588841667
1.2048528750284238,4.484983993864976,-0.5591402523291091,-0.17801558361149455,-0.7371558359406036
0.6137896620574301,1.1754855844032974,0.97622826503099,-0.10297145737997461,0.8732568076510154
4.155563360624531,1.6267136525833852,-0.4802224436826826,-0.08622115869621261,-0.5664436023788952
0.7664215831224702,4.5453240721147425,-0.8256986927974078,-0.0263849163842628,-0.8520836091816706
0.8963415407886954,2.6477102764253617,-0.39168220221752453,-0.018493099417696942,-0.4101753016352215
2.9969139576042174,3.7115897470898833,0.41261083330680537,-0.10948243760098901,0.30312839570581634
4.3728102041873225,2.9537239708188308,0.8640946529163919,-0.0715555414046951,0.7925391115116968
0.9821733285728662,3.2671960450474757,-0.8947078657444665,-0.06252600126092848,-0.9572338670053949
1.5516183645004737,1.4969164575741278,0.09292357990977373,0.17849147609035773,0.2714150560001315
3.887024191205888,1.2068603081333147,-0.9281088786759025,0.13086694348944825,-0.7972419351864543
4.859132130304837,1.6124617358433264,0.1872958546434314,-0.029906828690604625,0.15738902595282678
2.5037059310117113,0.7772078204171123,-0.1388708227579449,-0.026408351077012806,-0.16527917383495772
0.7194875127562539,4.371571826454037,-0.9291570056455648,-0.08347078489565943,-1.0126277905412242
0.06968143854100772,1.4162346662505705,0.9963998362291492,-0.13859431716638512,0.857805519062764
1.1482801499942763,2.807446972071923,-0.7271316853721839,-0.008489424786321881,-0.7356211101585057
0.6591110889326052,3.9598721257068705,-0.9956408521777094,-0.07247754833332878,-1.0681184005110382
3.3882933680642875,3.9191205468785677,0.8543135063652967,-0.006162996729884765,0.8481505096354119
0.6091625231426556,2.1919312929209642,0.33395733203417477,-0.11622865787195744,0.21772867416221733
2.531649658103165,2.381286542933628,-0.9799577151452357,-0.05534492245172814,-1.0353026375969638
3.4713121782144323,4.973508744675124,0.8304734388559396,0.010795316003113915,0.8412687548590535
2.905583046104512,3.3729873848951204,-0.004614859799405095,0.026599109155674597,0.021984249356269504
0.9988782583002881,4.073192215589414,-0.9360089778356774,0.03032247725676398,-0.9056865005789134
4.020622630911314,4.51276984609616,0.7779430415703559,-0.09591182437873148,0.6820312171916244
3.577035648079008,3.937949181146696,0.9430887437449662,0.06207887277461846,1.0051676165195846
3.694920019577709,0.9258967247678379,-0.995810191815462,-0.058122229440087526,-1.0539324212555496
0.6552887577865663,2.810853668687861,-0.31888209545583046,0.045966727394741926,-0.2729153680610885
0.618769018251723,0.5094707865727244,0.9036597841671815,-0.0007727250250994229,0.9028870591420821
4.637812755032538,3.264610632819992,0.9988269276621664,-0.09997193287675792,0.8988549947854085
1.9878909691247033,4.7767471409390545,0.4630673165463965,-0.02296656698738678,0.4401007495590097
1.5047434589046986,2.5636603215005564,-0.7997094515619454,0.02653767163801559,-0.7731717799239298
2.442920226757667,2.164862464338836,-0.9945337493752616,0.044521861694932906,-0.9500118876803287
3.3143210638179124,0.17921375709081588,-0.3447215785842434,-0.010240453817831736,-0.35496203240207513
4.77811628523485,4.798872611646102,-0.15162387513038222,0.11125856383888211,-0.04036531129150012
1.4322311344102752,0.5150134206507939,0.9299762000610523,0.07317910053466327,1.0031553005957157
4.624042146560136,0.20539546652423468,-0.993157626074084,-0.01864170381847287,-1.011799329892557
0.12429745693128158,1.2303330575246925,0.9767270072855863,0.05448402248827727,1.0312110297738635
2.7759902116341233,0.3276521695919121,0.03794116354277593,0.14045831760914354,0.17839948115191948
3.1698755584054257,2.2755892120588115,-0.743119729718615,0.14239698852735566,-0.6007227411912592
0.5294870187537665,2.580439006285562,0.03166133639665311,-0.08919401094567843,-0.05753267454902532
0.7016979853195632,1.5628497451429197,0.7688526858004228,-0.0672974042983884,0.7015552815020344
2.095571596581519,0.2548024128744303,0.7112104816999003,0.1078549473707377,0.8190654290706381
4.831159560715909,0.5580018412461335,-0.7795981439379249,-0.07686672702996811,-0.856464870967893
2.980212766171864,1.9225218899496404,-0.9819388925102109,-0.09606087928927007,-1.077999771799481
4.665116108001056,0.30264225413268064,-0.9675700548250828,-0.035314013700269827,-1.0028840685253526
4.021804578064854,3.4909486280495674,0.9423442894716153,0.030522564627154438,0.9728668540987697
2.3369080077764575,1.03510270762406,-0.22838455633700572,-0.007437437994012083,-0.2358219943310178
3.923817246260937,1.5103578439181926,-0.7506267971456184,-0.04725275595340554,-0.7978795530990239
0.08918391988493868,1.9706288858904875,0.8827953022425707,-0.048970455640834895,0.8338248466017358
0.5457199838286747,2.0830481653457396,0.4906403670255268,-0.05173958150361049,0.43890078552191636
4.147143074413682,0.008303538374002661,-0.8488753200734075,-0.0638819210575921,-0.9127572411309997
3.9840854416258087,0.5603518549934877,-0.9859292380607365,0.16572313320867257,-0.8202061048520639
1.1632037098321684,4.3138228187043905,-0.7216333213616549,0.021609290158897503,-0.7000240312027575
2.6538479529952674,0.00616531255954067,0.46317950818095577,0.06440847270423178,0.5275879808851875
3.0300791035000545,2.5408367790643753,-0.653553136087662,-0.035523440780357435,-0.6890765768680194
4.338694768880056,2.4475100325360404,0.4820732045228214,-0.013506696669420852,0.46856650785340054
3.0155357866936283,1.665470805053189,-0.9995076132544484,-0.051827970522319175,-1.0513355837767675
2.0628578463684017,2.156635100732248,-0.8809662122146914,-0.19260303355332128,-1.0735692457680126
1.8709202170359136,3.902905687632922,-0.48761806881533204,-0.10008972838017821,-0.5877077971955103
2.1294104318675493,4.206018531074783,0.05221989337059067,-0.1315116922099806,-0.07929179883938993
3.2596551278998707,1.3017427170762503,-0.9886224788765102,-0.16340981953648176,-1.152032298412992
4.337453158761624,1.6124522048386492,-0.32714424531092384,-0.08682318549261427,-0.4139674308035381
2.269484410381499,1.2124142651416636,-0.3337755801263123,0.09623625638314386,-0.23753932374316844
1.2391978147567906,2.3993170027553257,-0.4767222167833941,-0.0032275573397869814,-0.47994977412318107
1.1833118149879058,3.416291788294065,-0.9936464686715223,0.09373824878995204,-0.8999082198815702
3.730071401217232,1.1412643773171027,-0.9873945300415563,0.029851130309578953,-0.9575433997319773
4.082843817119552,1.6536787102743333,-0.5198392615521188,0.056840038469486154,-0.46299922308263264
0.5263903992706248,4.651923087945752,-0.8934066137419804,-0.06543536177406195,-0.9588419755160423
0.3327942847758908,0.24284644923479037,0.5443723780635308,0.038056426448476864,0.5824288045120076
2.972168318782259,2.303848026197831,-0.8453227352414381,0.05292911374451015,-0.7923936214969279
0.7308662209634914,3.557790207983889,-0.9115605964383117,-0.04188394941930971,-0.9534445458576214
4.1233209522817065,0.7522700577873703,-0.9867120816070993,0.040641412691229124,-0.9460706689158702
1.5516733696203722,0.23687010002740927,0.9763866125638098,0.04112423618625126,1.017510848750061
0.7193596648557132,0.6910268581926537,0.9871619112824587,-0.03991596682523462,0.9472459444572241
4.604852362437251,4.594115967653415,0.22389551213672507,-0.0815506755345661,0.14234483660215896
0.8276586136763908,0.04629890910561707,0.7668748606683496,-0.08600746388157751,0.6808673967867721
1.4236004116896779,0.9416098740567591,0.7007029991382503,0.006283206027541945,0.7069862051657922
0.7680669759602932,0.15641756450822275,0.798310435739353,0.023751893034878097,0.8220623287742311
0.5774503183267748,0.5531473378110163,0.9046670236918206,-0.057563977570787614,0.847103046121033
0.10574008168220017,3.1007464331414814,-0.06484832384221173,0.0019309881558346783,-0.06291733568637706
0.27697704582130056,1.208194543695429,0.9963364413146859,0.04144013972718514,1.037776581041871
0.8732073546792635,2.846060252153384,-0.5460776425075855,0.044901396353102516,-0.501176246154483
0.26690966313587694,2.9509769138306305,-0.0762199301103931,0.11271858782907637,0.03649865771868327
2.9557190805548563,4.247176665448896,0.7954261646880385,0.09275167213225283,0.8881778368202913
3.403572633997532,0.023706964559369603,-0.2818166196476971,-0.07272736781805154,-0.35454398746574867
1.968152284160141,4.266847296711834,-0.048167081686620934,0.12228487082665565,0.07411778914003472
1.589955484760247,3.09559543213487,-0.9996398807904483,-0.038566717227626654,-1.038206598018075
2.5226311851111505,0.813717430524788,-0.1935271163290505,0.0758928388563689,-0.11763427747268161
4.375024711173043,3.86468694067642,0.9265240208570734,0.0049381111210686605,0.9314621319781421
4.25565813411103,4.277457708952928,0.7781168305358452,-0.029935879267938642,0.7481809512679066
0.21737531006395971,1.2713174187707865,0.9966313925544312,-0.131299469987929,0.8653319225665023
0.9074920479826204,4.593968404513404,-0.7045045949666638,-0.012461342253451602,-0.7169659372201155
1.18372435552198,2.272287151493289,-0.3092638668826646,-0.11326356584431989,-0.4225274327269845
1.246937879161059,3.0171222716666075,-0.9011727461698118,0.07025839332469581,-0.8309143528451159
2.8561632587138637,4.9232476680882185,0.9972208930100008,0.11017006025488224,1.1073909532648831
2.0813121285159615,1.8076803931959966,-0.6797339704429657,-0.05788248729670251,-0.7376164577396682
0.24627059963796993,4.0657967291005646,-0.9209356893078139,0.021933211993065097,-0.8990024773147488
1.868070692297858,1.5919955891422983,-0.3131173082327201,-0.05268777331683952,-0.3658050815495596
2.6187647435881862,3.996067611207455,0.325600764950638,-0.04564908740989967,0.27995167754073835
0.5083595145185799,3.0036695943132123,-0.36202231666665546,0.05625431253923972,-0.3057680041274157
4.167292768942799,1.081778476127007,-0.8594097248175988,-0.0027991714025138547,-0.8622088962201127
0.2598093323255213,2.070130468946182,0.7254258235870975,0.1263568416551429,0.8517826652422404
4.624209345090311,1.5881781718178085,-0.07073866147816908,-0.03502626478675304,-0.10576492626492212
0.4955657078993775,0.3905419654018194,0.7746159900857298,0.07258536191179632,0.8472013519975261
4.217874757988763,0.14917385049848741,-0.940960285450773,0.0070754836032986676,-0.9338848018474744
4.513265719638086,1.7323932770359045,-0.037517503550670614,0.05780019495109137,0.020282691400420758
4.897853402932963,0.0951707390874329,-0.9608797139573578,-0.03247865541779823,-0.9933583693751561
4.010129401367967,0.8274387879088752,-0.992175308475975,-0.003599635120542745,-0.9957749435965177
3.8973877038566447,3.625916604254344,0.9458226438130836,-0.008389095524588136,0.9374335482884955
3.2124163799777383,3.5404561784179394,0.45260742633689793,-0.06072581000807642,0.3918816163288215
3.894981772890645,3.6929019322869134,0.9648043615272384,0.04808934313809791,1.0128937046653363
0.6727610420657354,1.585765855649894,0.772688603671933,0.04722990435644558,0.8199185080283786
2.6803401797381863,4.450097285588478,0.7494640417918025,0.043111994374792954,0.7925760361665954
2.5711143509520724,2.969152740142238,-0.6764400482851545,0.11163529695690397,-0.5648047513282505
4.2878607206127874,0.6301317087331326,-0.9789379638729344,0.10527108193117068,-0.8736668819417637
2.3139968279675793,0.7185933072776707,0.10878679341451013,-0.027233570045648733,0.0815532233688614
1.9254474805017674,3.4654771346485074,-0.7784926673659386,0.02709612036073026,-0.7513965470052083
3.1978163561855504,0.8647196822103903,-0.7961727874499209,-0.0452943421021956,-0.8414671295521166
1.3323165875042302,2.5364635079102165,-0.6647711537806358,0.0016963799049932895,-0.6630747738756425
0.6988420547697843,4.958872379643553,-0.5854790685095358,-0.04356194146659285,-0.6290410099761287
2.389386370118729,0.02003802366669749,0.6684837978481671,0.11767148445410684,0.7861552823022739
2.084446842974425,0.08289900948778461,0.8272789822808879,0.026416693771082096,0.85369567605197
1.1628497026443685,4.965422909652533,-0.15429384024029294,-0.015836233164450545,-0.17013007340474348
1.83755905057564,2.9231941706708273,-0.9988306780596512,0.0866967738562115,-0.9121339042034398
1.831962249131237,0.6345498775925656,0.6249601825855664,-0.15765953860718263,0.4673006439783838
1.6374778220627273,4.486510998770468,-0.15852490466755825,-0.14629145466350504,-0.3048163593310633
1.897320398634645,4.401901500638461,0.016035904741183268,0.05780459984826902,0.0738405045894523
3.4287167272797268,2.6810020655568763,-0.17259786944752548,0.004392039044528468,-0.168205830402997
1.4843823728564265,3.108960149303783,-0.9929223350756776,0.018190807992425093,-0.9747315270832525
4.744289633576702,1.3659359575043817,-0.17209865489787463,-0.09634087951088376,-0.2684395344087584
4.58174009769089,0.25259848186002576,-0.9925733583813032,-0.0016875472809559943,-0.9942609056622592
2.404552141500393,2.972838044454322,-0.7869160412198628,0.145522033895814,-0.6413940073240488
1.641806025023444,1.473775966013815,0.026007729712992953,0.05986455785342401,0.08587228756641696
2.6771739491500157,3.3181052333017598,-0.283945156563425,0.012326391623819074,-0.2716187649396059
4.242802443868123,4.181225884213006,0.8418757766080301,-0.031890051355227524,0.8099857252528027
3.26293670280051,0.09080271957182029,-0.210559024113821,-0.02865923345606037,-0.23921825756988135
4.021959139735387,2.978568873428637,0.6573845774317323,-0.15465123637277678,0.5027333410589555
2.663611380328701,1.1564026984342612,-0.6275647843643715,0.01871334263346957,-0.6088514417309019
3.1645881463381036,4.369442489519007,0.9492508312964718,0.06141045354320943,1.0106612848396812
1.4407780709123086,1.2683225328091425,0.4191346936131116,-0.11444285110170317,0.30469184251140846
3.674465811551454,3.0538506661770914,0.4305762725338787,-0.04804106779925508,0.3825352047346236
1.0120229656285917,2.7677042004480574,-0.5956981034767737,-0.08407078428013812,-0.6797688877569118
3.473990644092491,1.9808325002962446,-0.7368250452185576,-0.07011690015680264,-0.8069419453753602
4.30359534162947,3.3881038179989704,0.9868610723994017,0.003884561295682061,0.9907456336950837
0.6605141865077196,3.628848173577169,-0.9118506239911554,-0.1513975624351963,-1.0632481864263517
3.071898702709599,2.834688976596934,-0.3677586659268818,0.04461665270336147,-0.3231420132235203
0.47547874114967303,3.7921111859237704,-0.9026971462577282,0.054755182316535755,-0.8479419639411925
3.6285781413571345,4.917085379964688,0.770174340840035,-0.018238476514225273,0.7519358643258097
0.42246609411760117,2.0963619395040256,0.5832830018436517,-0.1801827064058011,0.40310029543785053
4.67969911350313,2.5729152594276545,0.8245628300505029,-0.07237343848487023,0.7521893915656327
0.6870396501890108,0.06234938970606618,0.6811916001246341,0.08955006455835265,0.7707416646829868
4.794401229545402,3.980142781551892,0.6053726327162967,-0.20177563219010772,0.40359700052618896
4.004420880425483,2.601150335229969,0.316830451953004,-0.025241864852875148,0.29158858710012886
2.9684100223317706,2.039807151802826,-0.956561025284205,-0.08570766495516549,-1.0422686902393705
3.9131205231477346,0.470359815446979,-0.9463954270797859,0.05843881046475341,-0.8879566166150324
3.9755741949154295,4.448282108376986,0.8419686010026273,-0.049035934105084916,0.7929326668975424
4.7301353140866516,1.9750362002027821,0.40957323130126666,0.029340621208293897,0.43891385250956055
1.266916769195936,3.4129079910461018,-0.9994698326361136,0.04107140693119194,-0.9583984257049216
2.9503794767915457,0.7468707818407538,-0.5275020850413356,0.13337163154927925,-0.39413045349205633
0.4752459878220061,4.807748147705163,-0.8415742599154333,-0.014740397151662822,-0.8563146570670962
3.0808285001206066,0.8922088091091546,-0.7389055638016072,0.027313443709550446,-0.7115921200920567
0.856456520463944,0.9977099644974519,0.9601186200156041,-0.10786487582679051,0.8522537441888136
2.8247530573622095,4.294914302788569,0.742290418120433,0.08646398265380112,0.828754400774234
2.8621525701692487,4.5629137207096555,0.9094173766900986,-0.05523846995305007,0.8541789067370485
2.329925764906137,1.060737037616507,-0.2465029081794805,-0.040729574840005,-0.2872324830194855
2.613158877565614,2.3490044408741397,-0.968968226698686,-0.0016159366855708543,-0.9705841633842568
3.8196169500329398,3.667474522814149,0.9334474012098198,-0.11351786395264456,0.8199295372571753
3.996223582560333,4.391828669054008,0.8607420949459014,0.01661638309823282,0.8773584780441341
2.4607660778771456,1.895263475186526,-0.9371730987206524,0.07027052582370838,-0.866902572896944
2.9979672076130615,2.585097434247146,-0.6443099724743269,0.02127682833476883,-0.623033144139558
4.65618117845051,3.7085820525986746,0.8723626831993276,-0.11540729681178534,0.7569553863875423
0.5986679425056141,3.6556798832639767,-0.8969204035599765,-0.008992710606958608,-0.9059131141669351
0.5855178295005525,3.9148006501304247,-0.977597202257291,0.05389620563320654,-0.9237009966240844
0.43854505955384204,2.849669093207632,-0.14609672206016136,-0.1364050218272265,-0.28250174388738786
3.2893164252026392,0.523075484023876,-0.6216122625086142,-0.07806408868402563,-0.6996763511926398
2.0930415039518975,4.5198664543902005,0.3237806321909597,0.06366648811435224,0.3874471203053119
3.871607080709216,4.327862696605141,0.9409102520359314,0.019617994667910546,0.960528246703842
3.3561570665429628,3.990487179091665,0.8740412388800283,0.0299229652863733,0.9039642041664016
1.6681887916411908,0.49931238580364745,0.8271917120750567,0.13506173967500543,0.9622534517500622
4.4918327368076785,1.021986835407146,-0.6956797529968675,0.034032659373483404,-0.661647093623384
3.8126607353532616,3.7180018255382596,0.9481861220945526,0.047784752523188166,0.9959708746177407
1.3526747045508785,0.11570047290973218,0.9947595375659996,0.19689111538326678,1.1916506529492663
1.8209600888602702,4.896123168536398,0.42041072973136556,-0.015529387577616282,0.40488134215374927
1.5721999010213143,1.8857234017784035,-0.3110813730199311,-0.05795307073148081,-0.3690344437514119
0.7880582431249983,3.596562668454118,-0.946763228309362,0.031072378119629467,-0.9156908501897325
0.7389168627109582,4.437855442440217,-0.8940979268700325,0.03188548410456034,-0.8622124427654722
4.6806373168787205,1.9731494407504113,0.36217611522643345,-0.03825721742174839,0.3239188978046851
2.189520185993766,1.5956624429983302,-0.6000710909179392,-0.07498667752376695,-0.6750577684417062
1.9165991138870493,3.043705644491234,-0.9694259616456763,0.16777223832360996,-0.8016537233220663
3.6484285433868897,2.9049468687402538,0.26691464948361604,0.023739806925540504,0.29065445640915655
2.7649653262644995,2.045699888123986,-0.9951747763796989,-0.053188498911245524,-1.0483632752909444
4.680699934192311,3.0088737793385425,0.9865154328894143,0.06652728447521228,1.0530427173646266
3.901507469546961,4.676906847832473,0.7488755092358111,-0.007927601618746874,0.7409479076170643
2.3968478206227015,2.3382012831329826,-0.9997432703901732,-0.018367681335379495,-1.0181109517255527
1.881797367404131,0.9837109037531566,0.27259041407448387,0.040839884005858904,0.3134302980803428
4.93315772462161,1.8860299144150194,0.5107030578262881,-0.09383401657661969,0.4168690412496684
3.5888011800182174,1.9705349129655931,-0.6622736412464725,0.025612571448187745,-0.6366610697982847
4.755973300019206,0.6555434651310993,-0.7654037927638833,0.1389447301453583,-0.6264590626185249
0.5923928860852068,0.8143575027727745,0.9865746133044098,0.033860146205232394,1.0204347595096421
4.252668395953913,3.4228103669683865,0.984110620453882,-0.027325626839868892,0.956784993614013
3.1853694199560376,1.6973887710445135,-0.9855222358159662,-0.036832865083694474,-1.0223551008996608
0.6096083916755629,4.774491959279038,-0.7827577814331178,-0.029804455721509505,-0.8125622371546273
2.9412899998461035,1.2179837267930371,-0.8508920845563956,-0.018446215052085855,-0.8693382996084815
3.4304818255272442,0.49462252552411157,-0.7057715909129214,-0.02744143590276215,-0.7332130268156836
0.06151342944301419,3.7675228150012896,-0.6345634840467184,0.0665549679452037,-0.5680085161015147
2.2715898092087325,4.4051802595893506,0.3835015437143798,-0.12588915857160182,0.25761238514277796
4.126997555981606,1.3905667843574392,-0.6929848195368667,0.06261013794247158,-0.6303746815943951
1.4767951267204493,1.01044050822739,0.6086492024099097,-0.027577986454534003,0.5810712159553757
2.2927404089927554,0.9288306743554359,-0.07989319269694914,0.027379062040904328,-0.05251413065604481
2.211570635339466,2.6100615068325617,-0.9940388976907191,-0.08185715126517422,-1.0758960489558933
1.509636957212458,2.3420832062338546,-0.6519304643362666,0.09650321288302029,-0.5554272514532462
4.5922094775777715,1.2971991992726712,-0.3836787351284078,0.09047490965347192,-0.29320382547493584
3.9064701771575794,0.22586558494713194,-0.8364334838393889,0.06969848221792542,-0.7667350016214635
0.5529420549805525,2.4074567016314035,0.18020405356479646,-0.11002204166473922,0.07018201190005724
4.985173289187865,4.796661738178042,-0.34951842972894204,0.06022202041129326,-0.2892964093176488
4.3960001215387265,3.262596003763316,0.980972897971622,0.029406068910859014,1.010378966882481
1.419542189320195,2.477532783143092,-0.685639848044279,-0.11659657580066271,-0.8022364238449418
4.184482898304691,0.5534603701480806,-0.9996735069484992,-0.001764805638705696,-1.0014383125872048
0.5320976593569143,1.2621814527479365,0.9751314852303836,0.026477440032919613,1.0016089252633031
4.995523652371193,1.4738697478727136,0.18513387747230334,0.0403897303530541,0.22552360782535744
3.3284236805326843,3.8240177630361716,0.7638490626017864,0.01287512527549465,0.776724187877281
3.250625077793985,4.383553986323097,0.9759405154163417,0.021153176468235637,0.9970936918845774
0.45220363492066373,4.508209267832192,-0.9693994190782661,0.10703365098233081,-0.8623657680959353
4.4851669944831265,4.9228430412537705,0.01676713928931189,0.08905121546681397,0.10581835475612586
0.14499751602234712,4.911833415522662,-0.9412640363258865,-0.2082444265045686,-1.149508462830455
1.2041402902057352,4.764995663839907,-0.3089124597707475,-0.02305669436694772,-0.33196915413769523
0.715109375833175,0.3591107025144219,0.8792188490765935,-0.011959191350357449,0.867259657726236
3.883839703461093,0.6889676796390259,-0.9902742947550033,-0.12726116811106286,-1.117535462866066
0.9910211360644894,1.5223326323801645,0.58772081580632,0.0068408514186855925,0.5945616672250056
4.553191135654426,2.7644912703223072,0.8596055036445047,0.09070173064372106,0.9503072342882257
3.2813451966374507,0.4848894435273965,-0.5848068997657303,-0.07892129883321562,-0.6637281985989459
0.18081355247348108,4.228984789010712,-0.9545676980131078,0.024433999934547278,-0.9301336980785605
0.027149170643502307,3.0837808953865453,0.03065778298739474,-0.06651952539569923,-0.03586174240830449
0.2582895850719946,2.7118220115110248,0.17064187020491187,-0.048803366621238915,0.12183850358367296
3.0296258882386384,0.8265566168364558,-0.6553076611899096,0.10730836870193902,-0.5479992924879705
4.007409054297076,1.2662773720009868,-0.8465652127249614,-0.03940790948066268,-0.8859731222056241
1.1927641031369425,0.8015601249112903,0.9116447224965091,0.03357214153508706,0.9452168640315961
4.247044214615364,4.259665788973993,0.7944296653745031,-0.1359132453774402,0.6585164199970629
0.2861597007663019,2.921139300306091,-0.06565907842130006,0.1352667663486478,0.06960768792734773
4.004819268208381,3.675647137598167,0.9849839642304198,0.04377279650572827,1.028756760736148
4.638977150861402,1.4801643145501286,-0.1633090840206879,-0.013255614448455256,-0.17656469846914313
3.8605419955219027,1.8562631854413858,-0.5365809445944512,0.04180399567978293,-0.4947769489146682
3.4906039198931857,2.0242748221326687,-0.6949185061032106,-0.10240021317654949,-0.7973187192797601
4.189901093276916,3.8000748587201745,0.9907670158183547,0.08589142521157433,1.0766584410299291
0.2007564977353321,3.8617649383728403,-0.7961639519685813,-0.02353216972016855,-0.8196961216887498
1.008910553595277,1.0340676375701585,0.890578030360464,-0.014822296681916673,0.8757557336785473
0.6246183965282154,4.707694283690495,-0.8139227873725953,-0.03571070078065782,-0.8496334881532531
2.5226549509649328,0.603276687218432,0.015660375224848262,-0.04217478224625279,-0.026514407021404528
3.7259406416442227,4.480610412118152,0.938488564575986,0.050456404031346595,0.9889449686073325
3.1500592228819935,0.5019782282490465,-0.48856539318956765,0.01858742720233982,-0.46997796598722785
4.255655498809675,1.3226990557565554,-0.647904919490089,0.04733879193798641,-0.6005661275521026
0.7760649622054544,4.232392680339785,-0.9564908933512222,-0.0006387896631671496,-0.9571296830143893
3.6731054596758077,0.8974603617304372,-0.9899599413779251,0.03727553258057253,-0.9526844087973526
0.9652074543445205,2.0678396565498494,0.10833251852476203,-0.030422478074844047,0.07791004044991798
1.3537937565890013,2.2492964997206313,-0.4452895392749151,0.16195337587118064,-0.28333616340373446
3.5495234864065193,1.2262948651160483,-0.9979890317990487,-0.11388437809252425,-1.111873409891573
4.901023924493409,3.551226006679933,0.8263121698681204,0.09158637488169928,0.9178985447498197
3.057718029885348,4.256673247011019,0.8579192215629021,0.09935599672091278,0.9572752182838149
0.272501574956478,4.372875699277859,-0.9977555557106427,-0.06189533326000217,-1.0596508889706449
3.0815448496376643,1.6966107286828047,-0.9978381566750946,0.16192009293002754,-0.835918063745067
0.21175275790083548,2.654251971439072,0.27211272310513557,0.072306009617745,0.3444187327228806
4.420728556834086,1.2420320193282575,-0.581380787543387,0.07053728958533881,-0.5108434979580482
3.5478914255031038,1.2239825077507271,-0.9982312918252347,0.0020353513834495017,-0.9961959404417853
0.8656392321125161,0.8062703142596206,0.99489241225382,-0.015777910597895992,0.979114501655924
0.4586050291209903,4.700095054037574,-0.902045515247465,-0.015210109954230784,-0.9172556252016958
0.9176661444015949,4.439944143027899,-0.7989666979255905,0.02836563001896603,-0.7706010679066244
4.900135897770962,3.8867935666384614,0.5954683485522827,0.10177315641806052,0.6972415049703432
2.292803212292449,2.588307606438645,-0.9858002041682906,0.01316949829156881,-0.9726307058767218
3.92040474170704,2.4530395775593594,0.09013650997601814,-0.06620140096758462,0.023935109008433528
3.1820417105388845,2.6487283309124896,-0.43713908233617876,0.05988107781983444,-0.37725800451634434
2.862065749793187,2.6828400678854463,-0.6730163713478844,0.06690646394975751,-0.6061099073981269
0.7256512733252485,2.172815423488452,0.24073782063925087,0.047550256362365886,0.28828807700161674
4.730122267790476,0.6587741644603373,-0.7797640618195659,0.05414824436631362,-0.7256158174532523
1.5067131625735897,0.6283192643426799,0.8449973580335594,-0.019678476345292663,0.8253188816882667
2.8900860790377108,4.7612485792284165,0.9795372721560881,-0.0674757964031421,0.912061475752946
3.498879722945331,2.410153797931753,-0.365483128109763,-0.06305998523686593,-0.428543113346629
3.2461657762265443,4.766027624525945,0.9875106028672719,-0.11878952853521524,0.8687210743320566
4.7029720484775925,0.8178843885505499,-0.69060762430597,0.017210422722221456,-0.6733972015837485
0.74219494960029,2.772082760199668,-0.3641174767488921,-0.006061182741753224,-0.3701786594906453
2.5417636922347104,1.0385862667576962,-0.42481480646456465,-0.03195787617463081,-0.45677268263919546
2.02017195370383,1.2659230306330076,-0.14399996517232538,-0.214677136282225,-0.3586771014545504
2.3708436474130905,0.15027289380589393,0.5814225922688246,-0.09059711632066424,0.4908254759481604
0.5960876309887231,0.5947665537010566,0.9286860946996585,0.08141065393479952,1.0100967486344579
0.6704730493638267,4.5842420381459785,-0.8565104266158275,-0.04827415674072216,-0.9047845833565498
1.3903777289062869,1.6076649574116586,0.1430574623606204,0.02619105958080613,0.16924852194142653
1.5235230188041564,3.040646059572958,-0.9890355257319607,-0.10101044259070097,-1.0900459683226618
2.13951606840675,2.325070659946365,-0.9694538128526357,0.10449831025651829,-0.8649555025961173
3.0549377351831413,2.0022562262263914,-0.941141389479814,-0.0104612426173795,-0.9516026320971934
3.173145587091315,2.6594304567303406,-0.43551406277250765,0.02106666841149371,-0.41444739436101397
2.059054482927851,0.9361947230767076,0.14582164823680305,0.16892968106429168,0.31475132930109473
2.0439155471434853,4.943019492597883,0.6470811051669251,0.11014445281529134,0.7572255579822165
1.0881426334848099,4.091539343519315,-0.8927909847585189,-0.02226695442537993,-0.9150579391838989
2.9415312420450412,3.7080731636575766,0.3582745482623464,-0.043087697717922153,0.31518685054442425
1.5852045565861894,2.3437964850697623,-0.7085267950142501,-0.02364549522703192,-0.732172290241282
0.1802991713868185,0.7643856106316799,0.8103122568364142,0.037035728314026045,0.8473479851504402
2.092000220784302,4.603329291367839,0.40057490518052025,-0.0076428041473713725,0.39293210103314885
2.3706633754508517,1.7069353369086382,-0.8051960870574973,-0.028707991870522587,-0.8339040789280199
1.127964341021055,0.25053344848466885,0.9815675421896015,0.10656660686920076,1.0881341490588023
2.8622896656105783,1.7120183840531433,-0.9904819655561857,-0.00829547176381982,-0.9987774373200056
2.8288595021596046,3.972285152479422,0.4951081870896989,0.1670273571993784,0.6621355442890773
3.510010905551857,3.113543724941041,0.3338352506658403,0.006590956034237721,0.340426206700078
3.23974241100605,3.754192923724298,0.6524023799269405,0.12967404222331422,0.7820764221502547
3.262165282605158,3.968176919311887,0.8117584332473586,0.025953384033725272,0.8377118172810839
1.5810707591202156,1.059773055402713,0.48008257222821304,0.06994326078691462,0.5500258330151276
3.9371611099297694,4.618916580465901,0.7634901915049677,-0.05263108496162274,0.7108591065433449
2.745721917998397,2.189948014601863,-0.9751761970585592,-0.06201157722705245,-1.0371877742856117
2.1570909758994503,3.195068246320823,-0.8022329472406493,0.033390083031552976,-0.7688428642090963
3.1300624047052854,0.011543862933710014,-1.3614049201649994e-05,0.07180214762706666,0.07178853357786501
1.8032866722512715,4.96684249205589,0.4679271592684538,0.0029239733131399405,0.4708511325815937
2.563696223033791,1.4044819298207756,-0.7356227101101124,-0.09343533578606923,-0.8290580458961816
